"Week","Location","Daily.Rainfall.Total.mm","Mean.Temperature.C","Mean.Wind.Speed.kmh","Cases"
1,"Admiralty",10.9,26.65,8.1,0
1,"Admiralty West",22.2,NA,NA,0
1,"Ang Mo Kio",12.65,26.05,4.8625,0
1,"Boon Lay (West)",NA,NA,NA,0
1,"Botanic Garden",22.2,NA,NA,0
1,"Buangkok",17.275,NA,NA,1
1,"Bukit Panjang",17.775,NA,NA,0
1,"Bukit Timah",22.55,NA,NA,0
1,"Buona Vista",18,NA,NA,0
1,"Chai Chee",7.4,NA,NA,0
1,"Changi",9.425,26.2125,6.9625,0
1,"Choa Chu Kang (Central)",14.8,NA,NA,1
1,"Choa Chu Kang (South)",16.6857142857143,26.3,4.21428571428571,0
1,"Choa Chu Kang (West)",17.025,NA,NA,0
1,"Clementi",17.88,26.3666666666667,4.24,0
1,"Dhoby Ghaut",23.2571428571429,NA,NA,0
1,"East Coast Parkway",7.7,26.7625,10.3,0
1,"Jurong (North)",NA,NA,NA,0
2,"Admiralty",17.4,24.1857142857143,9.6,0
2,"Ang Mo Kio",21.2571428571429,24.1571428571429,5.81428571428571,0
2,"Boon Lay (West)",NA,NA,NA,0
2,"Botanic Garden",21.4571428571429,NA,NA,0
2,"Buangkok",22.2857142857143,NA,NA,0
2,"Bukit Panjang",20.7714285714286,NA,NA,0
2,"Bukit Timah",46.8,NA,NA,0
2,"Buona Vista",24.7,NA,NA,0
2,"Chai Chee",24.1,NA,NA,0
2,"Changi",20.9428571428571,24.5,7.98571428571429,0
2,"Choa Chu Kang (Central)",17.2,NA,NA,1
2,"Choa Chu Kang (South)",14.4333333333333,NA,5.11666666666667,0
2,"Choa Chu Kang (West)",14.0857142857143,NA,NA,0
2,"Clementi",33.6666666666667,25.4,6.13333333333333,0
2,"Dhoby Ghaut",26.44,NA,NA,0
2,"East Coast Parkway",15.8857142857143,25.0571428571429,11.9857142857143,0
2,"Jurong (North)",NA,NA,NA,1
3,"Admiralty",2.08571428571429,26.4285714285714,10.6428571428571,0
3,"Ang Mo Kio",1.65714285714286,26.4285714285714,5.97142857142857,0
3,"Boon Lay (West)",NA,NA,NA,0
3,"Botanic Garden",3.65714285714286,NA,NA,0
3,"Buangkok",3.25714285714286,NA,NA,0
3,"Bukit Panjang",8.88571428571429,NA,NA,2
3,"Bukit Timah",14.1333333333333,NA,NA,0
3,"Buona Vista",5.66666666666667,NA,NA,0
3,"Chai Chee",6.65714285714286,NA,NA,0
3,"Changi",3.91428571428571,26.6,8.12857142857143,0
3,"Choa Chu Kang (Central)",4.26666666666667,NA,NA,0
3,"Choa Chu Kang (South)",2.28571428571429,27.22,5.62857142857143,0
3,"Choa Chu Kang (West)",1.77142857142857,NA,NA,0
3,"Clementi",5.74285714285714,26.5142857142857,5.97142857142857,0
3,"Dhoby Ghaut",9.7,NA,NA,0
3,"East Coast Parkway",0.657142857142857,26.9714285714286,11.2,0
3,"Jurong (North)",1.33333333333333,NA,NA,1
4,"Admiralty",9.4,26.8857142857143,8.34285714285714,0
4,"Ang Mo Kio",6.11428571428571,26.8285714285714,4.88571428571429,0
4,"Boon Lay (West)",NA,NA,NA,0
4,"Botanic Garden",14.4285714285714,NA,NA,0
4,"Buangkok",6.57142857142857,NA,NA,0
4,"Bukit Panjang",9.02857142857143,NA,NA,2
4,"Bukit Timah",10.6857142857143,NA,NA,0
4,"Buona Vista",19.9142857142857,NA,NA,0
4,"Chai Chee",6.25714285714286,NA,NA,0
4,"Changi",4.77142857142857,26.7714285714286,6.71428571428571,0
4,"Choa Chu Kang (Central)",11.4571428571429,NA,NA,0
4,"Choa Chu Kang (South)",14.6,26.9142857142857,4.52857142857143,0
4,"Choa Chu Kang (West)",16.4857142857143,NA,NA,0
4,"Clementi",13.6333333333333,27.02,5.21666666666667,0
4,"Dhoby Ghaut",16.7142857142857,NA,NA,0
4,"East Coast Parkway",7.11428571428571,27.2,9.42857142857143,0
4,"Jurong (North)",18.5714285714286,NA,NA,0
5,"Admiralty",3.6,26.9857142857143,13.0428571428571,0
5,"Ang Mo Kio",6.85714285714286,26.8714285714286,7.41428571428571,0
5,"Boon Lay (West)",NA,NA,NA,0
5,"Botanic Garden",1.94285714285714,NA,NA,0
5,"Buangkok",9.51428571428571,NA,NA,0
5,"Bukit Panjang",1.88571428571429,NA,NA,0
5,"Bukit Timah",2.14285714285714,NA,NA,0
5,"Buona Vista",4.54285714285714,NA,NA,0
5,"Chai Chee",13.2285714285714,NA,NA,0
5,"Changi",8.14285714285714,27.0285714285714,11.0142857142857,0
5,"Choa Chu Kang (Central)",1.11428571428571,NA,NA,0
5,"Choa Chu Kang (South)",1.65714285714286,27.3428571428571,7.61428571428571,0
5,"Choa Chu Kang (West)",1.6,NA,NA,0
5,"Clementi",2.42857142857143,27.0571428571429,6.72857142857143,0
5,"Dhoby Ghaut",1.65714285714286,NA,NA,0
5,"East Coast Parkway",6.65714285714286,27.4142857142857,13.4285714285714,0
5,"Jurong (North)",3.16,NA,NA,0
6,"Admiralty",0,26.0571428571429,15.5285714285714,0
6,"Ang Mo Kio",0,26.1285714285714,9.04285714285714,0
6,"Boon Lay (West)",NA,NA,NA,0
6,"Botanic Garden",0,NA,NA,0
6,"Buangkok",0.0285714285714286,NA,NA,0
6,"Bukit Panjang",0,NA,NA,0
6,"Bukit Timah",0,NA,NA,0
6,"Buona Vista",0,NA,NA,0
6,"Chai Chee",0,NA,NA,6
6,"Changi",0,26.5,13.2285714285714,0
6,"Choa Chu Kang (Central)",0.0571428571428571,NA,NA,0
6,"Choa Chu Kang (South)",0.0285714285714286,26.7,9.97142857142857,0
6,"Choa Chu Kang (West)",0,NA,NA,0
6,"Clementi",0,26.65,8.78571428571429,0
6,"Dhoby Ghaut",0,NA,NA,0
6,"East Coast Parkway",0,26.8285714285714,15.9,0
6,"Jurong (North)",0,NA,NA,0
7,"Admiralty",0.428571428571429,27.0428571428571,12.8428571428571,0
7,"Ang Mo Kio",2.48571428571429,26.9571428571429,7.51428571428571,0
7,"Boon Lay (West)",NA,NA,NA,0
7,"Botanic Garden",0,NA,NA,0
7,"Buangkok",0.457142857142857,NA,NA,0
7,"Bukit Panjang",0.0571428571428571,NA,NA,4
7,"Bukit Timah",0,NA,NA,0
7,"Buona Vista",0.0857142857142857,NA,NA,0
7,"Chai Chee",0.342857142857143,NA,NA,3
7,"Changi",0.0285714285714286,27.2571428571429,11.7142857142857,0
7,"Choa Chu Kang (Central)",0.0857142857142857,NA,NA,0
7,"Choa Chu Kang (South)",0,27.5857142857143,7.62857142857143,0
7,"Choa Chu Kang (West)",0,NA,NA,0
7,"Clementi",0,27.3285714285714,7.25714285714286,0
7,"Dhoby Ghaut",0,NA,NA,0
7,"East Coast Parkway",0.142857142857143,27.4142857142857,13.5714285714286,0
7,"Jurong (North)",0.0285714285714286,NA,NA,0
8,"Admiralty",2.25714285714286,26.8285714285714,12.9142857142857,0
8,"Ang Mo Kio",0.514285714285714,26.9714285714286,7.27142857142857,0
8,"Boon Lay (West)",NA,NA,NA,0
8,"Botanic Garden",1.91428571428571,NA,NA,0
8,"Buangkok",0.514285714285714,NA,NA,0
8,"Bukit Panjang",3.02857142857143,NA,NA,6
8,"Bukit Timah",2.37142857142857,NA,NA,0
8,"Buona Vista",2.77142857142857,NA,NA,0
8,"Chai Chee",0.771428571428571,NA,NA,1
8,"Changi",0.142857142857143,27.6142857142857,11.7857142857143,0
8,"Choa Chu Kang (Central)",6.48571428571429,NA,NA,0
8,"Choa Chu Kang (South)",7.77142857142857,27.2571428571429,7.97142857142857,0
8,"Choa Chu Kang (West)",7.65714285714286,NA,NA,0
8,"Clementi",2.51428571428571,27.2285714285714,7.14285714285714,0
8,"Dhoby Ghaut",1.2,NA,NA,0
8,"East Coast Parkway",0.257142857142857,27.7857142857143,12.7428571428571,0
8,"Jurong (North)",6,NA,NA,0
9,"Admiralty",10.9428571428571,27.2714285714286,10.7428571428571,0
9,"Ang Mo Kio",10.4285714285714,27.3,6.52857142857143,0
9,"Boon Lay (West)",NA,NA,NA,0
9,"Botanic Garden",6.14285714285714,NA,NA,0
9,"Buangkok",4.45714285714286,NA,NA,0
9,"Bukit Panjang",6.8,NA,NA,4
9,"Bukit Timah",7.94285714285714,NA,NA,0
9,"Buona Vista",6.74285714285714,NA,NA,0
9,"Chai Chee",1.6,NA,NA,0
9,"Changi",0.457142857142857,28.0428571428571,10.8714285714286,0
9,"Choa Chu Kang (Central)",6.74285714285714,NA,NA,0
9,"Choa Chu Kang (South)",11.1142857142857,27.5,6.48571428571429,0
9,"Choa Chu Kang (West)",12.9428571428571,NA,NA,0
9,"Clementi",3.68571428571429,27.34,5.97142857142857,0
9,"Dhoby Ghaut",6.37142857142857,NA,NA,0
9,"East Coast Parkway",0.0285714285714286,28.1428571428571,12.6,0
9,"Jurong (North)",7.8,NA,NA,0
10,"Admiralty",2.51428571428571,27.3142857142857,12.6428571428571,0
10,"Ang Mo Kio",1.88571428571429,27.4,7.3,0
10,"Botanic Garden",1.11428571428571,NA,NA,0
10,"Buangkok",1.62857142857143,NA,NA,0
10,"Bukit Panjang",4.6,NA,NA,2
10,"Bukit Timah",0.971428571428571,NA,NA,0
10,"Buona Vista",1.22857142857143,NA,NA,0
10,"Chai Chee",2.54285714285714,NA,NA,0
10,"Changi",3.08571428571429,27.7142857142857,11.2,0
10,"Choa Chu Kang (Central)",7.31428571428571,NA,NA,0
10,"Choa Chu Kang (South)",5.97142857142857,27.5,7.44285714285714,0
10,"Choa Chu Kang (West)",8.77142857142857,NA,NA,0
10,"Clementi",1.91428571428571,27.5,6.84285714285714,0
10,"Dhoby Ghaut",1.94285714285714,NA,NA,0
10,"East Coast Parkway",1.51428571428571,28.0142857142857,13.2142857142857,0
10,"Jurong (North)",7.22857142857143,NA,NA,0
11,"Admiralty",0,28.0714285714286,12.2285714285714,0
11,"Ang Mo Kio",0.885714285714286,28.1142857142857,7.05714285714286,0
11,"Botanic Garden",3.65714285714286,NA,NA,0
11,"Buangkok",0.6,NA,NA,0
11,"Bukit Panjang",2.31428571428571,NA,NA,3
11,"Bukit Timah",4.22857142857143,NA,NA,0
11,"Buona Vista",1.62857142857143,NA,NA,0
11,"Chai Chee",0.257142857142857,NA,NA,2
11,"Changi",0,28.4857142857143,11.2714285714286,0
11,"Choa Chu Kang (Central)",3.17142857142857,NA,NA,0
11,"Choa Chu Kang (South)",9.62857142857143,28.1142857142857,6.07142857142857,0
11,"Choa Chu Kang (West)",8.51428571428571,NA,NA,0
11,"Clementi",1.97142857142857,28.2666666666667,5.91428571428571,0
11,"Dhoby Ghaut",1.51428571428571,NA,NA,0
11,"East Coast Parkway",0.314285714285714,28.5428571428571,12.3,0
11,"Jurong (North)",14.5714285714286,NA,NA,0
12,"Admiralty",0.428571428571429,27.9714285714286,11.7714285714286,0
12,"Ang Mo Kio",0.8,27.9714285714286,6.62857142857143,0
12,"Botanic Garden",16.2285714285714,NA,NA,0
12,"Buangkok",1.62857142857143,NA,NA,0
12,"Bukit Panjang",1.6,NA,NA,0
12,"Bukit Timah",11.9142857142857,NA,NA,0
12,"Buona Vista",12.1714285714286,NA,NA,0
12,"Chai Chee",0.142857142857143,NA,NA,10
12,"Changi",1,28.3714285714286,10.3,0
12,"Choa Chu Kang (Central)",5.31428571428571,NA,NA,0
12,"Choa Chu Kang (South)",6.71428571428571,28.1,6.28571428571429,0
12,"Choa Chu Kang (West)",4.11428571428571,NA,NA,0
12,"Clementi",10.3285714285714,27.8833333333333,6.14285714285714,0
12,"Dhoby Ghaut",7.42857142857143,NA,NA,0
12,"East Coast Parkway",0.2,28.5285714285714,11.7142857142857,0
12,"Jurong (North)",8.42857142857143,NA,NA,0
13,"Admiralty",8.34285714285714,26.5857142857143,8.37142857142857,0
13,"Admiralty West",NA,NA,NA,0
13,"Ang Mo Kio",10.2571428571429,26.6714285714286,5.07142857142857,0
13,"Botanic Garden",7.25714285714286,NA,NA,0
13,"Buangkok",5.42857142857143,NA,NA,0
13,"Bukit Panjang",9.28571428571429,NA,NA,0
13,"Bukit Timah",4.42857142857143,NA,NA,0
13,"Buona Vista",10.6857142857143,NA,NA,0
13,"Chai Chee",3.68571428571429,NA,NA,4
13,"Changi",1.94285714285714,27.1571428571429,7.15714285714286,0
13,"Choa Chu Kang (Central)",12.4,NA,NA,0
13,"Choa Chu Kang (South)",7.68571428571429,26.6571428571429,5,0
13,"Choa Chu Kang (West)",12.5142857142857,NA,NA,0
13,"Clementi",5.08,26.0666666666667,4.92,0
13,"Dhoby Ghaut",2.48571428571429,NA,NA,0
13,"East Coast Parkway",1.48571428571429,27.6285714285714,10.7142857142857,0
13,"Jurong (North)",12.0285714285714,NA,NA,0
14,"Admiralty",0.428571428571429,28.0428571428571,11.6714285714286,0
14,"Admiralty West",0.266666666666667,NA,NA,0
14,"Ang Mo Kio",7.25714285714286,28.0714285714286,6.67142857142857,0
14,"Botanic Garden",0.942857142857143,NA,NA,0
14,"Buangkok",0.542857142857143,NA,NA,0
14,"Bukit Panjang",1.65714285714286,NA,NA,0
14,"Bukit Timah",2.25714285714286,NA,NA,0
14,"Buona Vista",4.02857142857143,NA,NA,0
14,"Chai Chee",4.34285714285714,NA,NA,7
14,"Changi",0.742857142857143,28.5285714285714,10.7142857142857,0
14,"Choa Chu Kang (Central)",7.28571428571429,NA,NA,0
14,"Choa Chu Kang (South)",13.4857142857143,28.1571428571429,5.97142857142857,0
14,"Choa Chu Kang (West)",15.2285714285714,NA,NA,0
14,"Clementi",4.94285714285714,28,5.6,0
14,"Dhoby Ghaut",2.11428571428571,NA,NA,0
14,"East Coast Parkway",0.771428571428571,28.6857142857143,11.9571428571429,0
14,"Jurong (North)",13.4857142857143,NA,NA,0
15,"Admiralty",6.31428571428571,28.2857142857143,10.8571428571429,0
15,"Admiralty West",8.11428571428571,NA,NA,0
15,"Ang Mo Kio",7.54285714285714,28.4,6.52857142857143,0
15,"Botanic Garden",6.82857142857143,NA,NA,0
15,"Buangkok",3.11428571428571,NA,NA,0
15,"Bukit Panjang",12.6285714285714,NA,NA,4
15,"Bukit Timah",9.02857142857143,NA,NA,0
15,"Buona Vista",2.2,NA,NA,0
15,"Chai Chee",4.85714285714286,NA,NA,6
15,"Changi",2.05714285714286,28.9142857142857,9.82857142857143,0
15,"Choa Chu Kang (Central)",10.4857142857143,NA,NA,0
15,"Choa Chu Kang (South)",6.51428571428571,28.4714285714286,5.45714285714286,0
15,"Choa Chu Kang (West)",5.37142857142857,NA,NA,0
15,"Clementi",8.37142857142857,28.3142857142857,5.2,0
15,"Dhoby Ghaut",5.88571428571429,NA,NA,0
15,"East Coast Parkway",3.8,28.8285714285714,11.4142857142857,0
15,"Jurong (North)",6.22857142857143,NA,NA,0
16,"Admiralty",8.14285714285714,27.2285714285714,7.57142857142857,0
16,"Admiralty West",6.94285714285714,NA,NA,0
16,"Ang Mo Kio",15.7142857142857,27.4,4.62857142857143,0
16,"Botanic Garden",10.4571428571429,NA,NA,0
16,"Buangkok",6.2,NA,NA,0
16,"Bukit Panjang",15.5714285714286,NA,NA,2
16,"Bukit Timah",9.65714285714286,NA,NA,0
16,"Buona Vista",17.6857142857143,NA,NA,0
16,"Chai Chee",1.22857142857143,NA,NA,8
16,"Changi",0.371428571428571,28.1428571428571,7.7,0
16,"Choa Chu Kang (Central)",15.9142857142857,NA,NA,0
16,"Choa Chu Kang (South)",17.0285714285714,26.9142857142857,4.21428571428571,0
16,"Choa Chu Kang (West)",14.2,NA,NA,0
16,"Clementi",19.5142857142857,27.2428571428571,4.15714285714286,0
16,"Dhoby Ghaut",5.82857142857143,NA,NA,0
16,"East Coast Parkway",0.114285714285714,28.5,10.6,0
16,"Jurong (North)",15.8285714285714,NA,NA,0
17,"Admiralty",14.5428571428571,27.9571428571429,6.84285714285714,0
17,"Admiralty West",14.2571428571429,NA,NA,0
17,"Ang Mo Kio",11.8285714285714,28.0857142857143,4.72857142857143,0
17,"Botanic Garden",11.7428571428571,NA,NA,0
17,"Buangkok",8.45714285714286,NA,NA,0
17,"Bukit Panjang",5.22857142857143,NA,NA,1
17,"Bukit Timah",13.9714285714286,NA,NA,0
17,"Buona Vista",4.48571428571429,NA,NA,0
17,"Chai Chee",7,NA,NA,6
17,"Changi",4.8,28.4142857142857,6.84285714285714,0
17,"Choa Chu Kang (Central)",10.0571428571429,NA,NA,0
17,"Choa Chu Kang (South)",7.62857142857143,28.0714285714286,4.12857142857143,0
17,"Choa Chu Kang (West)",4.31428571428571,NA,NA,0
17,"Clementi",10.2285714285714,28.0428571428571,4.11428571428571,0
17,"Dhoby Ghaut",4.51428571428571,NA,NA,0
17,"East Coast Parkway",3.11428571428571,28.7428571428571,10.3857142857143,0
17,"Jurong (North)",3.88571428571429,NA,NA,0
18,"Admiralty",5.37142857142857,27.7,6.12857142857143,0
18,"Admiralty West",8.85714285714286,NA,NA,0
18,"Ang Mo Kio",6.14285714285714,28.2142857142857,4.47142857142857,0
18,"Botanic Garden",4.37142857142857,NA,NA,0
18,"Buangkok",10.5714285714286,NA,NA,0
18,"Bukit Panjang",9.42857142857143,NA,NA,8
18,"Bukit Timah",7.65714285714286,NA,NA,0
18,"Buona Vista",6.94285714285714,NA,NA,0
18,"Chai Chee",7.54285714285714,NA,NA,6
18,"Changi",3.74285714285714,28.7857142857143,8.32857142857143,0
18,"Choa Chu Kang (Central)",9.82857142857143,NA,NA,0
18,"Choa Chu Kang (South)",8.22857142857143,27.8142857142857,3.85714285714286,0
18,"Choa Chu Kang (West)",14.0571428571429,NA,NA,0
18,"Clementi",12.7714285714286,28.1142857142857,3.7,0
18,"Dhoby Ghaut",2.77142857142857,NA,NA,0
18,"East Coast Parkway",4.71428571428571,28.9285714285714,10.4,0
18,"Jurong (North)",8.28571428571428,NA,NA,0
19,"Admiralty",3.74285714285714,29.3428571428571,7.71428571428571,0
19,"Admiralty West",3.05714285714286,NA,NA,0
19,"Ang Mo Kio",1.65714285714286,29.5,6.9,0
19,"Botanic Garden",0.257142857142857,NA,NA,0
19,"Buangkok",1.22857142857143,NA,NA,0
19,"Bukit Panjang",0.457142857142857,NA,NA,4
19,"Bukit Timah",0.685714285714286,NA,NA,0
19,"Buona Vista",0.257142857142857,NA,NA,0
19,"Chai Chee",1.4,NA,NA,9
19,"Changi",0.2,29.6857142857143,11.2285714285714,0
19,"Choa Chu Kang (Central)",0.857142857142857,NA,NA,0
19,"Choa Chu Kang (South)",7,29.2285714285714,4.72857142857143,0
19,"Choa Chu Kang (West)",18.6,NA,NA,0
19,"Clementi",0.828571428571429,29.1428571428571,4.35714285714286,0
19,"Dhoby Ghaut",0.428571428571429,NA,NA,0
19,"East Coast Parkway",0.114285714285714,29.7285714285714,12.4857142857143,0
19,"Jurong (North)",11.6285714285714,NA,NA,0
20,"Admiralty",23.2,27.4714285714286,5.02857142857143,0
20,"Admiralty West",17,NA,NA,0
20,"Ang Mo Kio",15.4857142857143,27.6714285714286,3.91428571428571,0
20,"Botanic Garden",10.4857142857143,NA,NA,0
20,"Buangkok",12.2857142857143,NA,NA,0
20,"Bukit Panjang",9.05714285714286,NA,NA,0
20,"Bukit Timah",6.97142857142857,NA,NA,0
20,"Buona Vista",6.74285714285714,NA,NA,0
20,"Chai Chee",3.85714285714286,NA,NA,7
20,"Changi",1.45714285714286,28.4142857142857,6.47142857142857,0
20,"Choa Chu Kang (Central)",20.7428571428571,NA,NA,0
20,"Choa Chu Kang (South)",17.9428571428571,27.2571428571429,3.64285714285714,0
20,"Choa Chu Kang (West)",10.4571428571429,NA,NA,0
20,"Clementi",7.8,27.5285714285714,3.44285714285714,0
20,"Dhoby Ghaut",14.4142857142857,NA,NA,0
20,"East Coast Parkway",1.51428571428571,28.7142857142857,9.45714285714286,0
20,"Jurong (North)",5.54285714285714,NA,NA,2
21,"Admiralty",2.74285714285714,27.9,6.85714285714286,0
21,"Admiralty West",5.25714285714286,NA,NA,0
21,"Ang Mo Kio",6.31428571428571,28.2,4.72857142857143,0
21,"Botanic Garden",12.1142857142857,NA,NA,0
21,"Buangkok",7.28571428571429,NA,NA,0
21,"Bukit Panjang",5.82857142857143,NA,NA,3
21,"Bukit Timah",11.2857142857143,NA,NA,0
21,"Buona Vista",10,NA,NA,0
21,"Chai Chee",7.2,NA,NA,4
21,"Changi",6.91428571428571,28.3142857142857,6.91428571428571,0
21,"Choa Chu Kang (Central)",4,NA,NA,0
21,"Choa Chu Kang (South)",2.65714285714286,27.8,3.91428571428571,0
21,"Choa Chu Kang (West)",3.25714285714286,NA,NA,0
21,"Clementi",6.91428571428571,27.9428571428571,3.6,0
21,"Dhoby Ghaut",15.2857142857143,NA,NA,0
21,"East Coast Parkway",3.37142857142857,28.6142857142857,10.2857142857143,0
21,"Jurong (North)",4.02857142857143,NA,NA,0
22,"Admiralty",9.2,27.7285714285714,5.51428571428571,0
22,"Admiralty",9.2,27.7285714285714,5.51428571428571,0
22,"Admiralty West",8.2,NA,NA,0
22,"Admiralty West",8.2,NA,NA,0
22,"Ang Mo Kio",15.0857142857143,27.8285714285714,3.97142857142857,0
22,"Ang Mo Kio",15.0857142857143,27.8285714285714,3.97142857142857,0
22,"Botanic Garden",11.6,NA,NA,0
22,"Botanic Garden",11.6,NA,NA,0
22,"Buangkok",13.7142857142857,NA,NA,0
22,"Buangkok",13.7142857142857,NA,NA,0
22,"Bukit Panjang",18.1714285714286,NA,NA,2
22,"Bukit Panjang",18.1714285714286,NA,NA,2
22,"Bukit Timah",12.2,NA,NA,2
22,"Bukit Timah",12.2,NA,NA,0
22,"Buona Vista",11.0714285714286,NA,NA,0
22,"Buona Vista",11.0714285714286,NA,NA,0
22,"Chai Chee",9.94285714285714,NA,NA,11
22,"Chai Chee",9.94285714285714,NA,NA,5
22,"Changi",17.3714285714286,27.8428571428571,5.6,0
22,"Changi",17.3714285714286,27.8428571428571,5.6,0
22,"Choa Chu Kang (Central)",15.8571428571429,NA,NA,0
22,"Choa Chu Kang (Central)",15.8571428571429,NA,NA,0
22,"Choa Chu Kang (South)",15.2285714285714,27.5571428571429,3.65714285714286,0
22,"Choa Chu Kang (South)",15.2285714285714,27.5571428571429,3.65714285714286,0
22,"Choa Chu Kang (West)",15.8857142857143,NA,NA,0
22,"Choa Chu Kang (West)",15.8857142857143,NA,NA,0
22,"Clementi",24.0857142857143,27.6285714285714,3.85714285714286,2
22,"Clementi",24.0857142857143,27.6285714285714,3.85714285714286,0
22,"Dhoby Ghaut",9.05714285714286,NA,NA,0
22,"Dhoby Ghaut",9.05714285714286,NA,NA,0
22,"East Coast Parkway",4.65714285714286,28.2571428571429,9.37142857142857,0
22,"East Coast Parkway",4.65714285714286,28.2571428571429,9.37142857142857,0
22,"Jurong (North)",16.5714285714286,NA,NA,0
22,"Jurong (North)",16.5714285714286,NA,NA,0
23,"Admiralty",0,29.7,6.28571428571429,0
23,"Admiralty West",0,NA,NA,0
23,"Ang Mo Kio",1.51428571428571,29.8571428571429,6.25714285714286,0
23,"Botanic Garden",5.25714285714286,NA,NA,0
23,"Buangkok",2.34285714285714,NA,NA,0
23,"Bukit Panjang",2.4,NA,NA,0
23,"Bukit Timah",4.42857142857143,NA,NA,0
23,"Buona Vista",1.18571428571429,NA,NA,0
23,"Chai Chee",0.771428571428571,NA,NA,7
23,"Changi",0.6,29.7285714285714,9.55714285714286,0
23,"Choa Chu Kang (Central)",0.457142857142857,NA,NA,0
23,"Choa Chu Kang (South)",0.0857142857142857,29.6142857142857,5.18571428571429,0
23,"Choa Chu Kang (West)",0.142857142857143,NA,NA,0
23,"Clementi",5.74285714285714,29.2714285714286,5.08571428571429,0
23,"Dhoby Ghaut",3.54285714285714,NA,NA,0
23,"East Coast Parkway",0.285714285714286,29.85,11.3,0
23,"Jurong (North)",0.285714285714286,NA,NA,0
24,"Admiralty West",2.62857142857143,NA,NA,0
24,"Ang Mo Kio",5,29.4666666666667,6.36666666666667,0
24,"Botanic Garden",4.14285714285714,NA,NA,0
24,"Buangkok",5.71428571428571,NA,NA,0
24,"Bukit Panjang",4.22857142857143,NA,NA,5
24,"Bukit Timah",2.82857142857143,NA,NA,0
24,"Buona Vista",1.42857142857143,NA,NA,0
24,"Chai Chee",1.74285714285714,NA,NA,2
24,"Changi",1.68571428571429,29.1,9.32857142857143,0
24,"Choa Chu Kang (Central)",2.74285714285714,NA,NA,0
24,"Choa Chu Kang (South)",3.28571428571429,28.7428571428571,5.14285714285714,0
24,"Choa Chu Kang (West)",3.77142857142857,NA,NA,0
24,"Clementi",4.8,28.5857142857143,5.31428571428571,0
24,"Dhoby Ghaut",1.34285714285714,NA,NA,0
24,"East Coast Parkway",2.05714285714286,29.3428571428571,11.5285714285714,0
24,"Jurong (North)",6.51428571428571,NA,NA,0
25,"Admiralty West",4.22857142857143,NA,NA,0
25,"Ang Mo Kio",6.23333333333333,27.1833333333333,4.98333333333333,0
25,"Botanic Garden",8.08571428571429,NA,NA,0
25,"Buangkok",6.94285714285714,NA,NA,0
25,"Bukit Panjang",7.82857142857143,NA,NA,4
25,"Bukit Timah",4.74285714285714,NA,NA,0
25,"Buona Vista",9.28571428571429,NA,NA,1
25,"Chai Chee",2.37142857142857,NA,NA,0
25,"Changi",4.62857142857143,27.7428571428571,8.27142857142857,0
25,"Choa Chu Kang (Central)",7.91428571428571,NA,NA,1
25,"Choa Chu Kang (South)",12.7714285714286,27.0571428571429,4.58571428571429,0
25,"Choa Chu Kang (West)",9.65714285714286,NA,NA,0
25,"Clementi",7.91428571428571,27.1857142857143,4.57142857142857,0
25,"Dhoby Ghaut",7.51428571428571,NA,NA,0
25,"East Coast Parkway",3.02857142857143,28.2,11.5285714285714,1
25,"Jurong (North)",16.3714285714286,NA,NA,0
26,"Admiralty West",13.0571428571429,NA,NA,0
26,"Ang Mo Kio",15.8857142857143,26.6428571428571,4.57142857142857,0
26,"Botanic Garden",17.4285714285714,NA,NA,0
26,"Buangkok",11.0571428571429,NA,NA,0
26,"Bukit Panjang",16.2,NA,NA,0
26,"Bukit Timah",13.1142857142857,NA,NA,0
26,"Buona Vista",15.7571428571429,NA,NA,0
26,"Chai Chee",7.8,NA,NA,0
26,"Changi",9.28571428571428,27.0428571428571,6.52857142857143,0
26,"Choa Chu Kang (Central)",22.5142857142857,NA,NA,0
26,"Choa Chu Kang (South)",28.2857142857143,26.2857142857143,4.25714285714286,0
26,"Choa Chu Kang (West)",27.1714285714286,NA,NA,0
26,"Clementi",44.0571428571429,26.3,4.7,2
26,"Dhoby Ghaut",8.64285714285714,NA,NA,0
26,"East Coast Parkway",2.97142857142857,27.5714285714286,11.6285714285714,3
26,"Jurong (North)",28.8285714285714,NA,NA,0
27,"Admiralty West",1.14285714285714,NA,NA,0
27,"Ang Mo Kio",1.62857142857143,28.2428571428571,5.97142857142857,2
27,"Botanic Garden",0.485714285714286,NA,NA,0
27,"Buangkok",2.51428571428571,NA,NA,1
27,"Bukit Panjang",2.45714285714286,NA,NA,0
27,"Bukit Timah",0.628571428571429,NA,NA,0
27,"Buona Vista",0.428571428571429,NA,NA,0
27,"Chai Chee",7.62857142857143,NA,NA,0
27,"Changi",9.11428571428571,28.2428571428571,9.98571428571429,0
27,"Choa Chu Kang (Central)",4.28571428571429,NA,NA,1
27,"Choa Chu Kang (South)",3,28.1285714285714,5.34285714285714,0
27,"Choa Chu Kang (West)",0.685714285714286,NA,NA,0
27,"Clementi",0.514285714285714,27.9428571428571,5.65714285714286,0
27,"Dhoby Ghaut",0.228571428571429,NA,NA,0
27,"East Coast Parkway",3.45714285714286,28.3142857142857,12.0857142857143,1
27,"Jurong (North)",2.71428571428571,NA,NA,0
28,"Admiralty West",1.93333333333333,NA,NA,0
28,"Ang Mo Kio",4.14285714285714,28.2428571428571,6.62857142857143,0
28,"Botanic Garden",4.74285714285714,NA,NA,0
28,"Buangkok",5.17142857142857,NA,NA,0
28,"Bukit Panjang",4.17142857142857,NA,NA,0
28,"Bukit Timah",6.22857142857143,NA,NA,0
28,"Buona Vista",5.08571428571429,NA,NA,0
28,"Chai Chee",6.48571428571429,NA,NA,0
28,"Changi",8.37142857142857,28.2571428571429,10.2857142857143,0
28,"Choa Chu Kang (Central)",5.97142857142857,NA,NA,0
28,"Choa Chu Kang (South)",7.62857142857143,28.1142857142857,5.82857142857143,0
28,"Choa Chu Kang (West)",4.88571428571429,NA,NA,0
28,"Clementi",5.02857142857143,27.8714285714286,6.15714285714286,0
28,"Dhoby Ghaut",2.34285714285714,NA,NA,0
28,"East Coast Parkway",2.02857142857143,28.3428571428571,12.5142857142857,0
28,"Jurong (North)",7.42857142857143,NA,NA,0
29,"Admiralty West",5.37142857142857,NA,NA,0
29,"Ang Mo Kio",6.82857142857143,28.8714285714286,6.44285714285714,2
29,"Botanic Garden",5.14285714285714,NA,NA,0
29,"Buangkok",3.6,NA,NA,0
29,"Bukit Panjang",3.65714285714286,NA,NA,1
29,"Bukit Timah",4.88571428571429,NA,NA,0
29,"Buona Vista",3.4,NA,NA,0
29,"Chai Chee",3.37142857142857,NA,NA,0
29,"Changi",1.28571428571429,28.9142857142857,11.5142857142857,0
29,"Choa Chu Kang (Central)",2.57142857142857,NA,NA,0
29,"Choa Chu Kang (South)",2.94285714285714,28.6714285714286,5.97142857142857,0
29,"Choa Chu Kang (West)",4.71428571428571,NA,NA,0
29,"Clementi",3.05714285714286,28.3428571428571,6.58571428571429,0
29,"Dhoby Ghaut",4.48571428571429,NA,NA,0
29,"East Coast Parkway",4.4,28.7142857142857,12.5428571428571,0
29,"Jurong (North)",2.48571428571429,NA,NA,0
30,"Admiralty West",0.0571428571428571,NA,NA,0
30,"Ang Mo Kio",3.42857142857143,29.0285714285714,7.55714285714286,4
30,"Botanic Garden",0.371428571428571,NA,NA,0
30,"Buangkok",1.88571428571429,NA,NA,0
30,"Bukit Panjang",0.4,NA,NA,1
30,"Bukit Timah",0.4,NA,NA,0
30,"Buona Vista",1,NA,NA,0
30,"Chai Chee",0.114285714285714,NA,NA,0
30,"Changi",0.742857142857143,29,12.4,0
30,"Choa Chu Kang (Central)",1.6,NA,NA,0
30,"Choa Chu Kang (South)",1.6,28.8428571428571,5.71428571428571,0
30,"Choa Chu Kang (West)",0.742857142857143,NA,NA,0
30,"Clementi",8.48571428571429,28.5285714285714,5.58571428571429,0
30,"Dhoby Ghaut",0.0857142857142857,NA,NA,0
30,"East Coast Parkway",0.0571428571428571,28.9857142857143,11,0
30,"Jurong (North)",1.31428571428571,NA,NA,0
31,"Admiralty",1.31428571428571,27.6,6.78571428571429,1
31,"Admiralty West",4.51428571428571,NA,NA,0
31,"Ang Mo Kio",4.25714285714286,27.6428571428571,6.27142857142857,0
31,"Botanic Garden",4.6,NA,NA,0
31,"Buangkok",4.85714285714286,NA,NA,0
31,"Bukit Panjang",3,NA,NA,0
31,"Bukit Timah",4.97142857142857,NA,NA,0
31,"Buona Vista",1.62857142857143,NA,NA,0
31,"Chai Chee",2.97142857142857,NA,NA,0
31,"Changi",5.48571428571429,27.8142857142857,10.0285714285714,0
31,"Choa Chu Kang (Central)",2,NA,NA,0
31,"Choa Chu Kang (South)",0.828571428571429,27.6714285714286,5.24285714285714,0
31,"Choa Chu Kang (West)",0.314285714285714,NA,NA,0
31,"Clementi",4.37142857142857,27.3428571428571,4.84285714285714,0
31,"Dhoby Ghaut",1.94285714285714,NA,NA,0
31,"East Coast Parkway",6.8,27.9571428571429,12.8428571428571,0
31,"Jurong (North)",4.94285714285714,NA,NA,0
32,"Admiralty",1.4,28.5857142857143,6.47142857142857,0
32,"Admiralty West",1.25714285714286,NA,NA,0
32,"Ang Mo Kio",0.628571428571429,28.6857142857143,6.58571428571429,0
32,"Botanic Garden",0.428571428571429,NA,NA,0
32,"Buangkok",1.08571428571429,NA,NA,0
32,"Bukit Panjang",1.17142857142857,NA,NA,0
32,"Bukit Timah",1.2,NA,NA,0
32,"Buona Vista",0.0857142857142857,NA,NA,0
32,"Chai Chee",0.428571428571429,NA,NA,0
32,"Changi",0.971428571428571,28.5714285714286,10.3428571428571,0
32,"Choa Chu Kang (Central)",0.885714285714286,NA,NA,0
32,"Choa Chu Kang (South)",0.8,28.4714285714286,6.11428571428571,0
32,"Choa Chu Kang (West)",0.542857142857143,NA,NA,0
32,"Clementi",0.114285714285714,28.2285714285714,6.41428571428571,0
32,"Dhoby Ghaut",0.428571428571429,NA,NA,0
32,"East Coast Parkway",0.8,28.5857142857143,11.6142857142857,0
32,"Jurong (North)",0.742857142857143,NA,NA,3
33,"Admiralty",0.685714285714286,29.3285714285714,8.24285714285714,3
33,"Admiralty West",0.0857142857142857,NA,NA,0
33,"Ang Mo Kio",0.314285714285714,29.3285714285714,8.72857142857143,0
33,"Botanic Garden",4.02857142857143,NA,NA,0
33,"Buangkok",0,NA,NA,0
33,"Bukit Panjang",0.742857142857143,NA,NA,0
33,"Bukit Timah",1.28571428571429,NA,NA,0
33,"Buona Vista",2.51428571428571,NA,NA,0
33,"Chai Chee",0.685714285714286,NA,NA,4
33,"Changi",0.542857142857143,29.2571428571429,14.8,0
33,"Choa Chu Kang (Central)",0.342857142857143,NA,NA,4
33,"Choa Chu Kang (South)",1.2,29.2857142857143,7.15714285714286,0
33,"Choa Chu Kang (West)",0.542857142857143,NA,NA,0
33,"Clementi",0.4,28.7857142857143,7.21428571428571,0
33,"Dhoby Ghaut",1.2,NA,NA,0
33,"East Coast Parkway",3.08571428571429,29.1428571428571,13.7857142857143,0
33,"Jurong (North)",0.628571428571429,NA,NA,0
34,"Admiralty",5.28571428571429,28.2857142857143,6.41428571428571,1
34,"Admiralty West",1.94285714285714,NA,NA,0
34,"Ang Mo Kio",8.14285714285714,28.2714285714286,6.15714285714286,0
34,"Botanic Garden",5.31428571428571,NA,NA,0
34,"Buangkok",12.1714285714286,NA,NA,0
34,"Bukit Panjang",13.7714285714286,NA,NA,0
34,"Bukit Timah",4.4,NA,NA,0
34,"Buona Vista",4.17142857142857,NA,NA,0
34,"Chai Chee",13.4,NA,NA,5
34,"Changi",10.1714285714286,28.2428571428571,9.81428571428571,0
34,"Choa Chu Kang (Central)",9.08571428571429,NA,NA,0
34,"Choa Chu Kang (South)",4.85714285714286,28.3142857142857,5.28571428571429,0
34,"Choa Chu Kang (West)",3.6,NA,NA,0
34,"Clementi",9.4,28,5.34285714285714,0
34,"Dhoby Ghaut",7.14285714285714,NA,NA,0
34,"East Coast Parkway",5.71428571428571,28.4,10.5,0
34,"Jurong (North)",7.94285714285714,NA,NA,0
35,"Admiralty",3.48571428571429,27.7285714285714,6.38571428571429,1
35,"Admiralty West",6.08571428571429,NA,NA,0
35,"Ang Mo Kio",4.51428571428571,27.9428571428571,5.5,3
35,"Botanic Garden",6.71428571428571,NA,NA,0
35,"Buangkok",3.65714285714286,NA,NA,0
35,"Bukit Panjang",3.08571428571429,NA,NA,0
35,"Bukit Timah",6.34285714285714,NA,NA,0
35,"Buona Vista",11.9714285714286,NA,NA,0
35,"Chai Chee",2.45714285714286,NA,NA,2
35,"Changi",1.97142857142857,28.1571428571429,8.58571428571429,0
35,"Choa Chu Kang (Central)",2.08571428571429,NA,NA,0
35,"Choa Chu Kang (South)",2.14285714285714,27.8714285714286,4.87142857142857,0
35,"Choa Chu Kang (West)",3.51428571428571,NA,NA,0
35,"Clementi",5.2,27.7857142857143,4.38571428571429,0
35,"Dhoby Ghaut",1.68571428571429,NA,NA,0
35,"East Coast Parkway",3.17142857142857,28.3285714285714,10.2571428571429,0
35,"Jurong (North)",2.22857142857143,NA,NA,1
36,"Admiralty",6,26.9857142857143,5.2,2
36,"Admiralty West",6.68571428571429,NA,NA,0
36,"Ang Mo Kio",13.3714285714286,27.1,4.57142857142857,1
36,"Botanic Garden",20.5142857142857,NA,NA,0
36,"Buangkok",10.5714285714286,NA,NA,0
36,"Bukit Panjang",10.9428571428571,NA,NA,0
36,"Bukit Timah",19.2285714285714,NA,NA,0
36,"Buona Vista",12.1142857142857,NA,NA,0
36,"Chai Chee",17.1428571428571,NA,NA,0
36,"Changi",13.8285714285714,27.1857142857143,6.22857142857143,0
36,"Choa Chu Kang (Central)",6.74285714285714,NA,NA,0
36,"Choa Chu Kang (South)",5.25714285714286,26.8428571428571,4.58571428571429,0
36,"Choa Chu Kang (West)",3.62857142857143,NA,NA,0
36,"Clementi",18.9428571428571,26.7,4.17142857142857,0
36,"Dhoby Ghaut",22.4285714285714,NA,NA,0
36,"East Coast Parkway",13.1714285714286,27.5714285714286,10.3714285714286,0
36,"Jurong (North)",6.22857142857143,NA,NA,0
37,"Admiralty",0.114285714285714,28.1571428571429,6.12857142857143,1
37,"Admiralty West",0.428571428571429,NA,NA,0
37,"Ang Mo Kio",0.742857142857143,28.1,6.01428571428571,0
37,"Botanic Garden",0.485714285714286,NA,NA,0
37,"Buangkok",0.885714285714286,NA,NA,0
37,"Bukit Panjang",0.342857142857143,NA,NA,0
37,"Bukit Timah",0.4,NA,NA,0
37,"Buona Vista",1.05714285714286,NA,NA,0
37,"Chai Chee",2.71428571428571,NA,NA,0
37,"Changi",0.485714285714286,28.1142857142857,9.31428571428571,2
37,"Choa Chu Kang (Central)",0.828571428571429,NA,NA,0
37,"Choa Chu Kang (South)",1.11428571428571,27.8285714285714,5.38571428571429,0
37,"Choa Chu Kang (West)",1.45714285714286,NA,NA,0
37,"Clementi",0.542857142857143,27.7142857142857,5.34285714285714,0
37,"Dhoby Ghaut",1.2,NA,NA,0
37,"East Coast Parkway",0.6,28.3714285714286,11.5142857142857,0
37,"Jurong (North)",0.714285714285714,NA,NA,0
38,"Admiralty",10.0571428571429,27.2142857142857,6.31428571428571,2
38,"Admiralty West",13.7714285714286,NA,NA,0
38,"Ang Mo Kio",25.4857142857143,27.2,5.14285714285714,0
38,"Botanic Garden",10.1428571428571,NA,NA,0
38,"Buangkok",15.8,NA,NA,0
38,"Bukit Panjang",9.82857142857143,NA,NA,0
38,"Bukit Timah",13.8857142857143,NA,NA,1
38,"Buona Vista",8.31428571428571,NA,NA,0
38,"Chai Chee",1.48571428571429,NA,NA,0
38,"Changi",5.22857142857143,27.5571428571429,8.38571428571429,0
38,"Choa Chu Kang (Central)",14.0857142857143,NA,NA,0
38,"Choa Chu Kang (South)",17.8571428571429,26.9857142857143,5.05714285714286,0
38,"Choa Chu Kang (West)",7.14285714285714,NA,NA,0
38,"Clementi",16.4,27.0142857142857,4.64285714285714,0
38,"Dhoby Ghaut",7.22857142857143,NA,NA,0
38,"East Coast Parkway",3.45714285714286,27.7714285714286,9.87142857142857,0
38,"Jurong (North)",13.6571428571429,NA,NA,0
39,"Admiralty",8.77142857142857,29.2428571428571,7.77142857142857,6
39,"Admiralty West",7.08571428571429,NA,NA,0
39,"Ang Mo Kio",0,29.3571428571429,7.8,2
39,"Botanic Garden",0,NA,NA,0
39,"Buangkok",0,NA,NA,0
39,"Bukit Panjang",0,NA,NA,0
39,"Bukit Timah",0,NA,NA,1
39,"Buona Vista",0,NA,NA,0
39,"Chai Chee",0,NA,NA,2
39,"Changi",0,29.1571428571429,12.0285714285714,0
39,"Choa Chu Kang (Central)",0.514285714285714,NA,NA,0
39,"Choa Chu Kang (South)",1.45714285714286,29.2428571428571,5.25714285714286,0
39,"Choa Chu Kang (West)",0.342857142857143,NA,NA,0
39,"Clementi",0,29.0571428571429,4.64285714285714,0
39,"Dhoby Ghaut",0,NA,NA,0
39,"East Coast Parkway",0,29.0428571428571,12.2285714285714,0
39,"Jurong (North)",0,NA,NA,2
40,"Admiralty",4.62857142857143,28.9857142857143,7.87142857142857,0
40,"Admiralty West",6.2,NA,NA,4
40,"Ang Mo Kio",4.08571428571429,29.1142857142857,7.58571428571429,3
40,"Boon Lay (West)",NA,NA,NA,0
40,"Botanic Garden",0.142857142857143,NA,NA,0
40,"Buangkok",2.94285714285714,NA,NA,0
40,"Bukit Panjang",2.14285714285714,NA,NA,0
40,"Bukit Timah",1.08571428571429,NA,NA,0
40,"Buona Vista",0,NA,NA,1
40,"Chai Chee",0.0571428571428571,NA,NA,1
40,"Changi",2.82857142857143,29.1857142857143,11.6285714285714,0
40,"Choa Chu Kang (Central)",1.54285714285714,NA,NA,0
40,"Choa Chu Kang (South)",2,28.9857142857143,5.14285714285714,0
40,"Choa Chu Kang (West)",1.25714285714286,NA,NA,0
40,"Clementi",3.71428571428571,28.8142857142857,4.45714285714286,0
40,"Dhoby Ghaut",0,NA,NA,0
40,"East Coast Parkway",0.114285714285714,29.0714285714286,12.4571428571429,0
40,"Jurong (North)",2.68571428571429,NA,NA,0
41,"Admiralty",22.8857142857143,26.1428571428571,5.85714285714286,0
41,"Admiralty West",19.9428571428571,NA,NA,0
41,"Ang Mo Kio",19.5428571428571,26.2714285714286,4.18571428571429,3
41,"Boon Lay (West)",NA,NA,NA,0
41,"Botanic Garden",19.8857142857143,NA,NA,0
41,"Buangkok",21.8571428571429,NA,NA,0
41,"Bukit Panjang",27.1428571428571,NA,NA,0
41,"Bukit Timah",23.5428571428571,NA,NA,0
41,"Buona Vista",20.2,NA,NA,0
41,"Chai Chee",15.4571428571429,NA,NA,0
41,"Changi",25.3428571428571,26.5857142857143,5.2,0
41,"Choa Chu Kang (Central)",20.3714285714286,NA,NA,1
41,"Choa Chu Kang (South)",19.6285714285714,26.0857142857143,4.11428571428571,0
41,"Choa Chu Kang (West)",23.2571428571429,NA,NA,0
41,"Clementi",14.0857142857143,26.1571428571429,3.28571428571429,1
41,"Dhoby Ghaut",18.4857142857143,NA,NA,0
41,"East Coast Parkway",7.02857142857143,26.8285714285714,10.8,0
41,"Jurong (North)",11.8,NA,NA,0
42,"Admiralty",0.285714285714286,27.7428571428571,6.8,1
42,"Admiralty West",0.342857142857143,NA,NA,3
42,"Ang Mo Kio",1.88571428571429,27.9857142857143,5.25714285714286,0
42,"Boon Lay (West)",NA,NA,NA,0
42,"Botanic Garden",2.2,NA,NA,0
42,"Buangkok",3.31428571428571,NA,NA,0
42,"Bukit Panjang",2.74285714285714,NA,NA,0
42,"Bukit Timah",3.77142857142857,NA,NA,0
42,"Buona Vista",0.6,NA,NA,0
42,"Chai Chee",4.8,NA,NA,3
42,"Changi",3.82857142857143,28.0285714285714,6.74285714285714,0
42,"Choa Chu Kang (Central)",2.85714285714286,NA,NA,0
42,"Choa Chu Kang (South)",8.94285714285714,27.5571428571429,4.52857142857143,0
42,"Choa Chu Kang (West)",9.97142857142857,NA,NA,0
42,"Clementi",4.51428571428571,27.8714285714286,3.9,3
42,"Dhoby Ghaut",1.6,NA,NA,0
42,"East Coast Parkway",1.54285714285714,28.1285714285714,11.1571428571429,0
42,"Jurong (North)",16.8285714285714,NA,NA,0
43,"Admiralty",7.17142857142857,27.2285714285714,6.54285714285714,3
43,"Admiralty West",9.57142857142857,NA,NA,4
43,"Ang Mo Kio",10.2857142857143,27.5857142857143,4.4,0
43,"Boon Lay (West)",NA,NA,NA,0
43,"Botanic Garden",4.08571428571429,NA,NA,2
43,"Buangkok",11.2285714285714,NA,NA,0
43,"Bukit Panjang",9.91428571428571,NA,NA,0
43,"Bukit Timah",4.51428571428571,NA,NA,0
43,"Buona Vista",0.714285714285714,NA,NA,0
43,"Chai Chee",7.85714285714286,NA,NA,5
43,"Changi",1.37142857142857,27.8,6.15714285714286,0
43,"Choa Chu Kang (Central)",13.5428571428571,NA,NA,0
43,"Choa Chu Kang (South)",13.4285714285714,27.1142857142857,4.22857142857143,0
43,"Choa Chu Kang (West)",21.4,NA,NA,0
43,"Clementi",3.97142857142857,27.7857142857143,3.4,1
43,"Dhoby Ghaut",3.11428571428571,NA,NA,0
43,"East Coast Parkway",11.5142857142857,28.0857142857143,10.7,2
43,"Jurong (North)",14.5714285714286,NA,NA,0
44,"Admiralty",3.34285714285714,26.8,7.37142857142857,0
44,"Admiralty West",2.57142857142857,NA,NA,14
44,"Ang Mo Kio",15,26.8285714285714,4.47142857142857,0
44,"Boon Lay (West)",NA,NA,NA,0
44,"Botanic Garden",6.45714285714286,NA,NA,3
44,"Buangkok",8.91428571428571,NA,NA,0
44,"Bukit Panjang",18.1714285714286,NA,NA,0
44,"Bukit Timah",6.02857142857143,NA,NA,0
44,"Buona Vista",11.4571428571429,NA,NA,0
44,"Chai Chee",3,NA,NA,8
44,"Changi",1.8,27.4714285714286,6.88571428571429,0
44,"Choa Chu Kang (Central)",11.5714285714286,NA,NA,0
44,"Choa Chu Kang (South)",9.85714285714286,26.6285714285714,4.32857142857143,0
44,"Choa Chu Kang (West)",11.4571428571429,NA,NA,0
44,"Clementi",3.8,27.1571428571429,3.7,0
44,"Dhoby Ghaut",6.17142857142857,NA,NA,0
44,"East Coast Parkway",2.42857142857143,27.7428571428571,11.3142857142857,0
44,"Jurong (North)",6.14285714285714,NA,NA,0
45,"Admiralty",7.9,27.0857142857143,6.74285714285714,0
45,"Admiralty West",7.42857142857143,NA,NA,9
45,"Ang Mo Kio",7.42857142857143,27.1714285714286,4.28571428571429,0
45,"Botanic Garden",21.4285714285714,NA,NA,0
45,"Buangkok",9.97142857142857,NA,NA,0
45,"Bukit Panjang",27.6571428571429,NA,NA,0
45,"Bukit Timah",23.6285714285714,NA,NA,0
45,"Buona Vista",12.1428571428571,NA,NA,0
45,"Chai Chee",6.88571428571429,NA,NA,13
45,"Changi",3.42857142857143,27.3285714285714,5.65714285714286,0
45,"Choa Chu Kang (Central)",20.3142857142857,NA,NA,0
45,"Choa Chu Kang (South)",19.1142857142857,27,4.32857142857143,0
45,"Choa Chu Kang (West)",19.4,NA,NA,0
45,"Clementi",16.5714285714286,27.2285714285714,3.84285714285714,0
45,"Dhoby Ghaut",19.9666666666667,NA,NA,0
45,"East Coast Parkway",8.42857142857143,27.7285714285714,11.0571428571429,1
45,"Jurong (North)",20.2,NA,NA,0
46,"Admiralty",15.7428571428571,27.0857142857143,6.34285714285714,3
46,"Admiralty West",17.5428571428571,NA,NA,10
46,"Ang Mo Kio",14.4571428571429,27.0428571428571,4.17142857142857,0
46,"Botanic Garden",14.2571428571429,NA,NA,0
46,"Buangkok",6.31428571428571,NA,NA,2
46,"Bukit Panjang",10.9142857142857,NA,NA,0
46,"Bukit Timah",15.0857142857143,NA,NA,0
46,"Buona Vista",10.6285714285714,NA,NA,0
46,"Chai Chee",6.94285714285714,NA,NA,6
46,"Changi",6.85714285714286,27.1714285714286,5.38571428571429,0
46,"Choa Chu Kang (Central)",11.3142857142857,NA,NA,0
46,"Choa Chu Kang (South)",9.2,27.0428571428571,4.15714285714286,0
46,"Choa Chu Kang (West)",9.2,NA,NA,0
46,"Clementi",15.1142857142857,27.0714285714286,3.44285714285714,16
46,"Dhoby Ghaut",22.3714285714286,NA,NA,0
46,"East Coast Parkway",6.51428571428571,27.6857142857143,10.4714285714286,2
46,"Jurong (North)",10.5142857142857,NA,NA,0
47,"Admiralty",16.6571428571429,27.2428571428571,7.05714285714286,3
47,"Admiralty West",11.4571428571429,NA,NA,7
47,"Ang Mo Kio",14.7142857142857,27.3428571428571,4.8,0
47,"Botanic Garden",10.9428571428571,NA,NA,0
47,"Buangkok",13.4285714285714,NA,NA,2
47,"Bukit Panjang",9.2,NA,NA,0
47,"Bukit Timah",9.8,NA,NA,0
47,"Buona Vista",13.8,NA,NA,0
47,"Chai Chee",6.34285714285714,NA,NA,4
47,"Changi",6.94285714285714,27.3142857142857,5.54285714285714,0
47,"Choa Chu Kang (Central)",9.02857142857143,NA,NA,0
47,"Choa Chu Kang (South)",9.25714285714286,27.1142857142857,4.67142857142857,0
47,"Choa Chu Kang (West)",9.51428571428571,NA,NA,0
47,"Clementi",10.8,27.4571428571429,3.82857142857143,15
47,"Dhoby Ghaut",9.2,NA,NA,0
47,"East Coast Parkway",8.3,27.6833333333333,11,5
47,"Jurong (North)",7.25714285714286,NA,NA,0
48,"Admiralty",8.94285714285714,27.1285714285714,8.72857142857143,0
48,"Admiralty West",8.82857142857143,NA,NA,13
48,"Ang Mo Kio",11.7428571428571,27.1285714285714,5.14285714285714,0
48,"Botanic Garden",14.8,NA,NA,1
48,"Buangkok",7.51428571428571,NA,NA,1
48,"Bukit Panjang",6.22857142857143,NA,NA,0
48,"Bukit Timah",14.1714285714286,NA,NA,0
48,"Buona Vista",8.22857142857143,NA,NA,0
48,"Chai Chee",5.77142857142857,NA,NA,7
48,"Changi",6.37142857142857,27.4428571428571,6.92857142857143,0
48,"Choa Chu Kang (Central)",7.2,NA,NA,0
48,"Choa Chu Kang (South)",6.4,27.1571428571429,4.71428571428571,0
48,"Choa Chu Kang (West)",5.14285714285714,NA,NA,0
48,"Clementi",10.6,27.4142857142857,4.27142857142857,18
48,"Dhoby Ghaut",11.1666666666667,NA,NA,0
48,"East Coast Parkway",6.62857142857143,27.5571428571429,12.7714285714286,5
48,"Jurong (North)",9.2,NA,NA,1
49,"Admiralty",9.08571428571429,26.9857142857143,6.85714285714286,2
49,"Admiralty West",8,NA,NA,2
49,"Ang Mo Kio",8.65714285714286,27.1714285714286,4.01428571428571,0
49,"Botanic Garden",12.6571428571429,NA,NA,0
49,"Buangkok",4.6,NA,NA,1
49,"Bukit Panjang",6.94285714285714,NA,NA,2
49,"Bukit Timah",16.9714285714286,NA,NA,0
49,"Buona Vista",7.94285714285714,NA,NA,0
49,"Chai Chee",4.54285714285714,NA,NA,10
49,"Changi",1.57142857142857,27.6142857142857,6.28571428571429,0
49,"Choa Chu Kang (Central)",10.4857142857143,NA,NA,2
49,"Choa Chu Kang (South)",8.71428571428572,26.8142857142857,3.65714285714286,0
49,"Choa Chu Kang (West)",11.7142857142857,NA,NA,0
49,"Clementi",16.9428571428571,27.0285714285714,3.07142857142857,10
49,"Dhoby Ghaut",3.25714285714286,NA,NA,0
49,"East Coast Parkway",3.22857142857143,27.5428571428571,11.4142857142857,7
49,"Jurong (North)",12.7,NA,NA,0
50,"Admiralty",11.9714285714286,26.4428571428571,7.65714285714286,1
50,"Admiralty West",11.6285714285714,NA,NA,3
50,"Ang Mo Kio",6.14285714285714,26.6,4.65714285714286,0
50,"Botanic Garden",20.5714285714286,NA,NA,0
50,"Buangkok",6.4,NA,NA,0
50,"Bukit Panjang",7.82857142857143,NA,NA,6
50,"Bukit Timah",21.1142857142857,NA,NA,0
50,"Buona Vista",17.4,NA,NA,0
50,"Chai Chee",9.05714285714286,NA,NA,7
50,"Changi",11.0571428571429,26.8857142857143,6.4,0
50,"Choa Chu Kang (Central)",9.97142857142857,NA,NA,0
50,"Choa Chu Kang (South)",8.85714285714286,26.4428571428571,4.25714285714286,0
50,"Choa Chu Kang (West)",15.7428571428571,NA,NA,0
50,"Clementi",22.7142857142857,26.7142857142857,3.8,10
50,"Dhoby Ghaut",16.4,NA,NA,0
50,"East Coast Parkway",4.77142857142857,27.1428571428571,12.4428571428571,9
50,"Jurong (North)",NA,NA,NA,0
51,"Admiralty",1.37142857142857,27.6857142857143,9.65714285714286,2
51,"Admiralty West",1.74285714285714,NA,NA,5
51,"Ang Mo Kio",13.5714285714286,27.5,5.4,0
51,"Botanic Garden",1.02857142857143,NA,NA,0
51,"Buangkok",22.8285714285714,NA,NA,0
51,"Bukit Panjang",4.14285714285714,NA,NA,2
51,"Bukit Timah",1.85714285714286,NA,NA,0
51,"Buona Vista",1.65714285714286,NA,NA,0
51,"Chai Chee",5.11428571428571,NA,NA,10
51,"Changi",2.82857142857143,27.7285714285714,7.35714285714286,0
51,"Choa Chu Kang (Central)",1.02857142857143,NA,NA,0
51,"Choa Chu Kang (South)",1.34285714285714,27.8285714285714,5.08571428571429,0
51,"Choa Chu Kang (West)",1.02857142857143,NA,NA,0
51,"Clementi",1.2,27.8571428571429,4.17142857142857,3
51,"Dhoby Ghaut",2.17142857142857,NA,NA,0
51,"East Coast Parkway",8.54285714285714,27.9285714285714,13.4857142857143,3
51,"Jurong (North)",NA,NA,NA,0
52,"Admiralty",0.171428571428571,28.0714285714286,9.02857142857143,6
52,"Admiralty West",0.371428571428571,NA,NA,3
52,"Ang Mo Kio",0.142857142857143,28.3714285714286,5.44285714285714,0
52,"Botanic Garden",1,NA,NA,0
52,"Buangkok",0.828571428571429,NA,NA,0
52,"Bukit Panjang",0.114285714285714,NA,NA,2
52,"Bukit Timah",1.71428571428571,NA,NA,0
52,"Buona Vista",2.02857142857143,NA,NA,0
52,"Chai Chee",1.11428571428571,NA,NA,17
52,"Changi",2.54285714285714,28.2857142857143,6.85714285714286,2
52,"Choa Chu Kang (Central)",0.0571428571428571,NA,NA,2
52,"Choa Chu Kang (South)",0.0857142857142857,28.4428571428571,5.95714285714286,0
52,"Choa Chu Kang (West)",0.257142857142857,NA,NA,0
52,"Clementi",0.6,28.6714285714286,5.14285714285714,0
52,"Dhoby Ghaut",0.714285714285714,NA,NA,0
52,"East Coast Parkway",2.25714285714286,28.6142857142857,13.0714285714286,3
52,"Jurong (North)",NA,NA,NA,2
