,population
1/1/1950,1022100
8/1/1950,1023217
15/1/1950,1024333
22/1/1950,1025450
29/1/1950,1026566
5/2/1950,1027683
12/2/1950,1028800
19/2/1950,1029916
26/2/1950,1031033
5/3/1950,1032150
12/3/1950,1033266
19/3/1950,1034383
26/3/1950,1035499
2/4/1950,1036616
9/4/1950,1037733
16/4/1950,1038849
23/4/1950,1039966
30/4/1950,1041082
7/5/1950,1042199
14/5/1950,1043316
21/5/1950,1044432
28/5/1950,1045549
4/6/1950,1046665
11/6/1950,1047782
18/6/1950,1048899
25/6/1950,1050015
2/7/1950,1051132
9/7/1950,1052249
16/7/1950,1053365
23/7/1950,1054482
30/7/1950,1055598
6/8/1950,1056715
13/8/1950,1057832
20/8/1950,1058948
27/8/1950,1060065
3/9/1950,1061181
10/9/1950,1062298
17/9/1950,1063415
24/9/1950,1064531
1/10/1950,1065648
8/10/1950,1066765
15/10/1950,1067881
22/10/1950,1068998
29/10/1950,1070114
5/11/1950,1071231
12/11/1950,1072348
19/11/1950,1073464
26/11/1950,1074581
3/12/1950,1075697
10/12/1950,1076814
17/12/1950,1077931
24/12/1950,1079047
31/12/1950,1080164
7/1/1951,1081281
14/1/1951,1082397
21/1/1951,1083514
28/1/1951,1084630
4/2/1951,1085747
11/2/1951,1086864
18/2/1951,1087980
25/2/1951,1089097
4/3/1951,1090213
11/3/1951,1091330
18/3/1951,1092447
25/3/1951,1093563
1/4/1951,1094680
8/4/1951,1095796
15/4/1951,1096913
22/4/1951,1098030
29/4/1951,1099146
6/5/1951,1100263
13/5/1951,1101380
20/5/1951,1102496
27/5/1951,1103613
3/6/1951,1104729
10/6/1951,1105846
17/6/1951,1106963
24/6/1951,1108079
1/7/1951,1109196
8/7/1951,1110312
15/7/1951,1111429
22/7/1951,1112546
29/7/1951,1113662
5/8/1951,1114779
12/8/1951,1115896
19/8/1951,1117012
26/8/1951,1118129
2/9/1951,1119245
9/9/1951,1120362
16/9/1951,1121479
23/9/1951,1122595
30/9/1951,1123712
7/10/1951,1124828
14/10/1951,1125945
21/10/1951,1127062
28/10/1951,1128178
4/11/1951,1129295
11/11/1951,1130412
18/11/1951,1131528
25/11/1951,1132645
2/12/1951,1133761
9/12/1951,1134878
16/12/1951,1135995
23/12/1951,1137111
30/12/1951,1138228
6/1/1952,1139344
13/1/1952,1140461
20/1/1952,1141578
27/1/1952,1142694
3/2/1952,1143811
10/2/1952,1144927
17/2/1952,1146044
24/2/1952,1147161
2/3/1952,1148277
9/3/1952,1149394
16/3/1952,1150511
23/3/1952,1151627
30/3/1952,1152744
6/4/1952,1153860
13/4/1952,1154977
20/4/1952,1156094
27/4/1952,1157210
4/5/1952,1158327
11/5/1952,1159443
18/5/1952,1160560
25/5/1952,1161677
1/6/1952,1162793
8/6/1952,1163910
15/6/1952,1165027
22/6/1952,1166143
29/6/1952,1167260
6/7/1952,1168376
13/7/1952,1169493
20/7/1952,1170610
27/7/1952,1171726
3/8/1952,1172843
10/8/1952,1173959
17/8/1952,1175076
24/8/1952,1176193
31/8/1952,1177309
7/9/1952,1178426
14/9/1952,1179542
21/9/1952,1180659
28/9/1952,1181776
5/10/1952,1182892
12/10/1952,1184009
19/10/1952,1185126
26/10/1952,1186242
2/11/1952,1187359
9/11/1952,1188475
16/11/1952,1189592
23/11/1952,1190709
30/11/1952,1191825
7/12/1952,1192942
14/12/1952,1194058
21/12/1952,1195175
28/12/1952,1196292
4/1/1953,1197408
11/1/1953,1198525
18/1/1953,1199642
25/1/1953,1200758
1/2/1953,1201875
8/2/1953,1202991
15/2/1953,1204108
22/2/1953,1205225
1/3/1953,1206341
8/3/1953,1207458
15/3/1953,1208574
22/3/1953,1209691
29/3/1953,1210808
5/4/1953,1211924
12/4/1953,1213041
19/4/1953,1214158
26/4/1953,1215274
3/5/1953,1216391
10/5/1953,1217507
17/5/1953,1218624
24/5/1953,1219741
31/5/1953,1220857
7/6/1953,1221974
14/6/1953,1223090
21/6/1953,1224207
28/6/1953,1225324
5/7/1953,1226440
12/7/1953,1227557
19/7/1953,1228673
26/7/1953,1229790
2/8/1953,1230907
9/8/1953,1232023
16/8/1953,1233140
23/8/1953,1234257
30/8/1953,1235373
6/9/1953,1236490
13/9/1953,1237606
20/9/1953,1238723
27/9/1953,1239840
4/10/1953,1240956
11/10/1953,1242073
18/10/1953,1243189
25/10/1953,1244306
1/11/1953,1245423
8/11/1953,1246539
15/11/1953,1247656
22/11/1953,1248773
29/11/1953,1249889
6/12/1953,1251006
13/12/1953,1252122
20/12/1953,1253239
27/12/1953,1254356
3/1/1954,1255472
10/1/1954,1256589
17/1/1954,1257705
24/1/1954,1258822
31/1/1954,1259939
7/2/1954,1261055
14/2/1954,1262172
21/2/1954,1263288
28/2/1954,1264405
7/3/1954,1265522
14/3/1954,1266638
21/3/1954,1267755
28/3/1954,1268872
4/4/1954,1269988
11/4/1954,1271105
18/4/1954,1272221
25/4/1954,1273338
2/5/1954,1274455
9/5/1954,1275571
16/5/1954,1276688
23/5/1954,1277804
30/5/1954,1278921
6/6/1954,1280038
13/6/1954,1281154
20/6/1954,1282271
27/6/1954,1283388
4/7/1954,1284504
11/7/1954,1285621
18/7/1954,1286737
25/7/1954,1287854
1/8/1954,1288971
8/8/1954,1290087
15/8/1954,1291204
22/8/1954,1292320
29/8/1954,1293437
5/9/1954,1294554
12/9/1954,1295670
19/9/1954,1296787
26/9/1954,1297904
3/10/1954,1299020
10/10/1954,1300137
17/10/1954,1301253
24/10/1954,1302370
31/10/1954,1303487
7/11/1954,1304603
14/11/1954,1305720
21/11/1954,1306836
28/11/1954,1307953
5/12/1954,1309070
12/12/1954,1310186
19/12/1954,1311303
26/12/1954,1312419
2/1/1955,1313536
9/1/1955,1314653
16/1/1955,1315769
23/1/1955,1316886
30/1/1955,1318003
6/2/1955,1319119
13/2/1955,1320236
20/2/1955,1321352
27/2/1955,1322469
6/3/1955,1323586
13/3/1955,1324702
20/3/1955,1325819
27/3/1955,1326935
3/4/1955,1328052
10/4/1955,1329169
17/4/1955,1330285
24/4/1955,1331402
1/5/1955,1332519
8/5/1955,1333635
15/5/1955,1334752
22/5/1955,1335868
29/5/1955,1336985
5/6/1955,1338102
12/6/1955,1339218
19/6/1955,1340335
26/6/1955,1341451
3/7/1955,1342568
10/7/1955,1343685
17/7/1955,1344801
24/7/1955,1345918
31/7/1955,1347035
7/8/1955,1348151
14/8/1955,1349268
21/8/1955,1350384
28/8/1955,1351501
4/9/1955,1352618
11/9/1955,1353734
18/9/1955,1354851
25/9/1955,1355967
2/10/1955,1357084
9/10/1955,1358201
16/10/1955,1359317
23/10/1955,1360434
30/10/1955,1361550
6/11/1955,1362667
13/11/1955,1363784
20/11/1955,1364900
27/11/1955,1366017
4/12/1955,1367134
11/12/1955,1368250
18/12/1955,1369367
25/12/1955,1370483
1/1/1956,1371600
8/1/1956,1372867
15/1/1956,1374135
22/1/1956,1375402
29/1/1956,1376670
5/2/1956,1377937
12/2/1956,1379205
19/2/1956,1380472
26/2/1956,1381739
4/3/1956,1383007
11/3/1956,1384274
18/3/1956,1385542
25/3/1956,1386809
1/4/1956,1388077
8/4/1956,1389344
15/4/1956,1390611
22/4/1956,1391879
29/4/1956,1393146
6/5/1956,1394414
13/5/1956,1395681
20/5/1956,1396949
27/5/1956,1398216
3/6/1956,1399484
10/6/1956,1400751
17/6/1956,1402018
24/6/1956,1403286
1/7/1956,1404553
8/7/1956,1405821
15/7/1956,1407088
22/7/1956,1408356
29/7/1956,1409623
5/8/1956,1410890
12/8/1956,1412158
19/8/1956,1413425
26/8/1956,1414693
2/9/1956,1415960
9/9/1956,1417228
16/9/1956,1418495
23/9/1956,1419762
30/9/1956,1421030
7/10/1956,1422297
14/10/1956,1423565
21/10/1956,1424832
28/10/1956,1426100
4/11/1956,1427367
11/11/1956,1428634
18/11/1956,1429902
25/11/1956,1431169
2/12/1956,1432437
9/12/1956,1433704
16/12/1956,1434972
23/12/1956,1436239
30/12/1956,1437507
6/1/1957,1438774
13/1/1957,1440041
20/1/1957,1441309
27/1/1957,1442576
3/2/1957,1443844
10/2/1957,1445111
17/2/1957,1446379
24/2/1957,1447646
3/3/1957,1448913
10/3/1957,1450181
17/3/1957,1451448
24/3/1957,1452716
31/3/1957,1453983
7/4/1957,1455251
14/4/1957,1456518
21/4/1957,1457785
28/4/1957,1459053
5/5/1957,1460320
12/5/1957,1461588
19/5/1957,1462855
26/5/1957,1464123
2/6/1957,1465390
9/6/1957,1466657
16/6/1957,1467925
23/6/1957,1469192
30/6/1957,1470460
7/7/1957,1471727
14/7/1957,1472995
21/7/1957,1474262
28/7/1957,1475530
4/8/1957,1476797
11/8/1957,1478064
18/8/1957,1479332
25/8/1957,1480599
1/9/1957,1481867
8/9/1957,1483134
15/9/1957,1484402
22/9/1957,1485669
29/9/1957,1486936
6/10/1957,1488204
13/10/1957,1489471
20/10/1957,1490739
27/10/1957,1492006
3/11/1957,1493274
10/11/1957,1494541
17/11/1957,1495808
24/11/1957,1497076
1/12/1957,1498343
8/12/1957,1499611
15/12/1957,1500878
22/12/1957,1502146
29/12/1957,1503413
5/1/1958,1504680
12/1/1958,1505948
19/1/1958,1507215
26/1/1958,1508483
2/2/1958,1509750
9/2/1958,1511018
16/2/1958,1512285
23/2/1958,1513552
2/3/1958,1514820
9/3/1958,1516087
16/3/1958,1517355
23/3/1958,1518622
30/3/1958,1519890
6/4/1958,1521157
13/4/1958,1522425
20/4/1958,1523692
27/4/1958,1524959
4/5/1958,1526227
11/5/1958,1527494
18/5/1958,1528762
25/5/1958,1530029
1/6/1958,1531297
8/6/1958,1532564
15/6/1958,1533831
22/6/1958,1535099
29/6/1958,1536366
6/7/1958,1537634
13/7/1958,1538901
20/7/1958,1540169
27/7/1958,1541436
3/8/1958,1542703
10/8/1958,1543971
17/8/1958,1545238
24/8/1958,1546506
31/8/1958,1547773
7/9/1958,1549041
14/9/1958,1550308
21/9/1958,1551575
28/9/1958,1552843
5/10/1958,1554110
12/10/1958,1555378
19/10/1958,1556645
26/10/1958,1557913
2/11/1958,1559180
9/11/1958,1560448
16/11/1958,1561715
23/11/1958,1562982
30/11/1958,1564250
7/12/1958,1565517
14/12/1958,1566785
21/12/1958,1568052
28/12/1958,1569320
4/1/1959,1570587
11/1/1959,1571854
18/1/1959,1573122
25/1/1959,1574389
1/2/1959,1575657
8/2/1959,1576924
15/2/1959,1578192
22/2/1959,1579459
1/3/1959,1580726
8/3/1959,1581994
15/3/1959,1583261
22/3/1959,1584529
29/3/1959,1585796
5/4/1959,1587064
12/4/1959,1588331
19/4/1959,1589598
26/4/1959,1590866
3/5/1959,1592133
10/5/1959,1593401
17/5/1959,1594668
24/5/1959,1595936
31/5/1959,1597203
7/6/1959,1598470
14/6/1959,1599738
21/6/1959,1601005
28/6/1959,1602273
5/7/1959,1603540
12/7/1959,1604808
19/7/1959,1606075
26/7/1959,1607343
2/8/1959,1608610
9/8/1959,1609877
16/8/1959,1611145
23/8/1959,1612412
30/8/1959,1613680
6/9/1959,1614947
13/9/1959,1616215
20/9/1959,1617482
27/9/1959,1618749
4/10/1959,1620017
11/10/1959,1621284
18/10/1959,1622552
25/10/1959,1623819
1/11/1959,1625087
8/11/1959,1626354
15/11/1959,1627621
22/11/1959,1628889
29/11/1959,1630156
6/12/1959,1631424
13/12/1959,1632691
20/12/1959,1633959
27/12/1959,1635226
3/1/1960,1636493
10/1/1960,1637761
17/1/1960,1639028
24/1/1960,1640296
31/1/1960,1641563
7/2/1960,1642831
14/2/1960,1644098
21/2/1960,1645366
28/2/1960,1646633
6/3/1960,1647900
13/3/1960,1649168
20/3/1960,1650435
27/3/1960,1651703
3/4/1960,1652970
10/4/1960,1654238
17/4/1960,1655505
24/4/1960,1656772
1/5/1960,1658040
8/5/1960,1659307
15/5/1960,1660575
22/5/1960,1661842
29/5/1960,1663110
5/6/1960,1664377
12/6/1960,1665644
19/6/1960,1666912
26/6/1960,1668179
3/7/1960,1669447
10/7/1960,1670714
17/7/1960,1671982
24/7/1960,1673249
31/7/1960,1674516
7/8/1960,1675784
14/8/1960,1677051
21/8/1960,1678319
28/8/1960,1679586
4/9/1960,1680854
11/9/1960,1682121
18/9/1960,1683389
25/9/1960,1684656
2/10/1960,1685923
9/10/1960,1687191
16/10/1960,1688458
23/10/1960,1689726
30/10/1960,1690993
6/11/1960,1692261
13/11/1960,1693528
20/11/1960,1694795
27/11/1960,1696063
4/12/1960,1697330
11/12/1960,1698598
18/12/1960,1699865
25/12/1960,1701133
1/1/1961,1702400
8/1/1961,1703279
15/1/1961,1704158
22/1/1961,1705038
29/1/1961,1705917
5/2/1961,1706796
12/2/1961,1707675
19/2/1961,1708555
26/2/1961,1709434
5/3/1961,1710313
12/3/1961,1711192
19/3/1961,1712072
26/3/1961,1712951
2/4/1961,1713830
9/4/1961,1714709
16/4/1961,1715588
23/4/1961,1716468
30/4/1961,1717347
7/5/1961,1718226
14/5/1961,1719105
21/5/1961,1719985
28/5/1961,1720864
4/6/1961,1721743
11/6/1961,1722622
18/6/1961,1723502
25/6/1961,1724381
2/7/1961,1725260
9/7/1961,1726139
16/7/1961,1727019
23/7/1961,1727898
30/7/1961,1728777
6/8/1961,1729656
13/8/1961,1730535
20/8/1961,1731415
27/8/1961,1732294
3/9/1961,1733173
10/9/1961,1734052
17/9/1961,1734932
24/9/1961,1735811
1/10/1961,1736690
8/10/1961,1737569
15/10/1961,1738449
22/10/1961,1739328
29/10/1961,1740207
5/11/1961,1741086
12/11/1961,1741965
19/11/1961,1742845
26/11/1961,1743724
3/12/1961,1744603
10/12/1961,1745482
17/12/1961,1746362
24/12/1961,1747241
31/12/1961,1748120
7/1/1962,1748999
14/1/1962,1749879
21/1/1962,1750758
28/1/1962,1751637
4/2/1962,1752516
11/2/1962,1753396
18/2/1962,1754275
25/2/1962,1755154
4/3/1962,1756033
11/3/1962,1756912
18/3/1962,1757792
25/3/1962,1758671
1/4/1962,1759550
8/4/1962,1760429
15/4/1962,1761309
22/4/1962,1762188
29/4/1962,1763067
6/5/1962,1763946
13/5/1962,1764826
20/5/1962,1765705
27/5/1962,1766584
3/6/1962,1767463
10/6/1962,1768342
17/6/1962,1769222
24/6/1962,1770101
1/7/1962,1770980
8/7/1962,1771859
15/7/1962,1772739
22/7/1962,1773618
29/7/1962,1774497
5/8/1962,1775376
12/8/1962,1776256
19/8/1962,1777135
26/8/1962,1778014
2/9/1962,1778893
9/9/1962,1779773
16/9/1962,1780652
23/9/1962,1781531
30/9/1962,1782410
7/10/1962,1783289
14/10/1962,1784169
21/10/1962,1785048
28/10/1962,1785927
4/11/1962,1786806
11/11/1962,1787686
18/11/1962,1788565
25/11/1962,1789444
2/12/1962,1790323
9/12/1962,1791203
16/12/1962,1792082
23/12/1962,1792961
30/12/1962,1793840
6/1/1963,1794719
13/1/1963,1795599
20/1/1963,1796478
27/1/1963,1797357
3/2/1963,1798236
10/2/1963,1799116
17/2/1963,1799995
24/2/1963,1800874
3/3/1963,1801753
10/3/1963,1802633
17/3/1963,1803512
24/3/1963,1804391
31/3/1963,1805270
7/4/1963,1806150
14/4/1963,1807029
21/4/1963,1807908
28/4/1963,1808787
5/5/1963,1809666
12/5/1963,1810546
19/5/1963,1811425
26/5/1963,1812304
2/6/1963,1813183
9/6/1963,1814063
16/6/1963,1814942
23/6/1963,1815821
30/6/1963,1816700
7/7/1963,1817580
14/7/1963,1818459
21/7/1963,1819338
28/7/1963,1820217
4/8/1963,1821096
11/8/1963,1821976
18/8/1963,1822855
25/8/1963,1823734
1/9/1963,1824613
8/9/1963,1825493
15/9/1963,1826372
22/9/1963,1827251
29/9/1963,1828130
6/10/1963,1829010
13/10/1963,1829889
20/10/1963,1830768
27/10/1963,1831647
3/11/1963,1832527
10/11/1963,1833406
17/11/1963,1834285
24/11/1963,1835164
1/12/1963,1836043
8/12/1963,1836923
15/12/1963,1837802
22/12/1963,1838681
29/12/1963,1839560
5/1/1964,1840440
12/1/1964,1841319
19/1/1964,1842198
26/1/1964,1843077
2/2/1964,1843957
9/2/1964,1844836
16/2/1964,1845715
23/2/1964,1846594
1/3/1964,1847473
8/3/1964,1848353
15/3/1964,1849232
22/3/1964,1850111
29/3/1964,1850990
5/4/1964,1851870
12/4/1964,1852749
19/4/1964,1853628
26/4/1964,1854507
3/5/1964,1855387
10/5/1964,1856266
17/5/1964,1857145
24/5/1964,1858024
31/5/1964,1858904
7/6/1964,1859783
14/6/1964,1860662
21/6/1964,1861541
28/6/1964,1862420
5/7/1964,1863300
12/7/1964,1864179
19/7/1964,1865058
26/7/1964,1865937
2/8/1964,1866817
9/8/1964,1867696
16/8/1964,1868575
23/8/1964,1869454
30/8/1964,1870334
6/9/1964,1871213
13/9/1964,1872092
20/9/1964,1872971
27/9/1964,1873850
4/10/1964,1874730
11/10/1964,1875609
18/10/1964,1876488
25/10/1964,1877367
1/11/1964,1878247
8/11/1964,1879126
15/11/1964,1880005
22/11/1964,1880884
29/11/1964,1881764
6/12/1964,1882643
13/12/1964,1883522
20/12/1964,1884401
27/12/1964,1885281
3/1/1965,1886160
10/1/1965,1887039
17/1/1965,1887918
24/1/1965,1888797
31/1/1965,1889677
7/2/1965,1890556
14/2/1965,1891435
21/2/1965,1892314
28/2/1965,1893194
7/3/1965,1894073
14/3/1965,1894952
21/3/1965,1895831
28/3/1965,1896711
4/4/1965,1897590
11/4/1965,1898469
18/4/1965,1899348
25/4/1965,1900227
2/5/1965,1901107
9/5/1965,1901986
16/5/1965,1902865
23/5/1965,1903744
30/5/1965,1904624
6/6/1965,1905503
13/6/1965,1906382
20/6/1965,1907261
27/6/1965,1908141
4/7/1965,1909020
11/7/1965,1909899
18/7/1965,1910778
25/7/1965,1911658
1/8/1965,1912537
8/8/1965,1913416
15/8/1965,1914295
22/8/1965,1915174
29/8/1965,1916054
5/9/1965,1916933
12/9/1965,1917812
19/9/1965,1918691
26/9/1965,1919571
3/10/1965,1920450
10/10/1965,1921329
17/10/1965,1922208
24/10/1965,1923088
31/10/1965,1923967
7/11/1965,1924846
14/11/1965,1925725
21/11/1965,1926604
28/11/1965,1927484
5/12/1965,1928363
12/12/1965,1929242
19/12/1965,1930121
26/12/1965,1931001
2/1/1966,1931880
9/1/1966,1932759
16/1/1966,1933638
23/1/1966,1934518
30/1/1966,1935397
6/2/1966,1936276
13/2/1966,1937155
20/2/1966,1938035
27/2/1966,1938914
6/3/1966,1939793
13/3/1966,1940672
20/3/1966,1941551
27/3/1966,1942431
3/4/1966,1943310
10/4/1966,1944189
17/4/1966,1945068
24/4/1966,1945948
1/5/1966,1946827
8/5/1966,1947706
15/5/1966,1948585
22/5/1966,1949465
29/5/1966,1950344
5/6/1966,1951223
12/6/1966,1952102
19/6/1966,1952981
26/6/1966,1953861
3/7/1966,1954740
10/7/1966,1955619
17/7/1966,1956498
24/7/1966,1957378
31/7/1966,1958257
7/8/1966,1959136
14/8/1966,1960015
21/8/1966,1960895
28/8/1966,1961774
4/9/1966,1962653
11/9/1966,1963532
18/9/1966,1964412
25/9/1966,1965291
2/10/1966,1966170
9/10/1966,1967049
16/10/1966,1967928
23/10/1966,1968808
30/10/1966,1969687
6/11/1966,1970566
13/11/1966,1971445
20/11/1966,1972325
27/11/1966,1973204
4/12/1966,1974083
11/12/1966,1974962
18/12/1966,1975842
25/12/1966,1976721
1/1/1967,1977600
8/1/1967,1978255
15/1/1967,1978910
22/1/1967,1979565
29/1/1967,1980220
5/2/1967,1980875
12/2/1967,1981530
19/2/1967,1982185
26/2/1967,1982840
5/3/1967,1983495
12/3/1967,1984151
19/3/1967,1984806
26/3/1967,1985461
2/4/1967,1986116
9/4/1967,1986771
16/4/1967,1987426
23/4/1967,1988081
30/4/1967,1988736
7/5/1967,1989391
14/5/1967,1990046
21/5/1967,1990701
28/5/1967,1991356
4/6/1967,1992011
11/6/1967,1992666
18/6/1967,1993321
25/6/1967,1993976
2/7/1967,1994631
9/7/1967,1995286
16/7/1967,1995941
23/7/1967,1996597
30/7/1967,1997252
6/8/1967,1997907
13/8/1967,1998562
20/8/1967,1999217
27/8/1967,1999872
3/9/1967,2000527
10/9/1967,2001182
17/9/1967,2001837
24/9/1967,2002492
1/10/1967,2003147
8/10/1967,2003802
15/10/1967,2004457
22/10/1967,2005112
29/10/1967,2005767
5/11/1967,2006422
12/11/1967,2007077
19/11/1967,2007732
26/11/1967,2008387
3/12/1967,2009043
10/12/1967,2009698
17/12/1967,2010353
24/12/1967,2011008
31/12/1967,2011663
7/1/1968,2012318
14/1/1968,2012973
21/1/1968,2013628
28/1/1968,2014283
4/2/1968,2014938
11/2/1968,2015593
18/2/1968,2016248
25/2/1968,2016903
3/3/1968,2017558
10/3/1968,2018213
17/3/1968,2018868
24/3/1968,2019523
31/3/1968,2020178
7/4/1968,2020833
14/4/1968,2021489
21/4/1968,2022144
28/4/1968,2022799
5/5/1968,2023454
12/5/1968,2024109
19/5/1968,2024764
26/5/1968,2025419
2/6/1968,2026074
9/6/1968,2026729
16/6/1968,2027384
23/6/1968,2028039
30/6/1968,2028694
7/7/1968,2029349
14/7/1968,2030004
21/7/1968,2030659
28/7/1968,2031314
4/8/1968,2031969
11/8/1968,2032624
18/8/1968,2033279
25/8/1968,2033934
1/9/1968,2034590
8/9/1968,2035245
15/9/1968,2035900
22/9/1968,2036555
29/9/1968,2037210
6/10/1968,2037865
13/10/1968,2038520
20/10/1968,2039175
27/10/1968,2039830
3/11/1968,2040485
10/11/1968,2041140
17/11/1968,2041795
24/11/1968,2042450
1/12/1968,2043105
8/12/1968,2043760
15/12/1968,2044415
22/12/1968,2045070
29/12/1968,2045725
5/1/1969,2046380
12/1/1969,2047036
19/1/1969,2047691
26/1/1969,2048346
2/2/1969,2049001
9/2/1969,2049656
16/2/1969,2050311
23/2/1969,2050966
2/3/1969,2051621
9/3/1969,2052276
16/3/1969,2052931
23/3/1969,2053586
30/3/1969,2054241
6/4/1969,2054896
13/4/1969,2055551
20/4/1969,2056206
27/4/1969,2056861
4/5/1969,2057516
11/5/1969,2058171
18/5/1969,2058826
25/5/1969,2059482
1/6/1969,2060137
8/6/1969,2060792
15/6/1969,2061447
22/6/1969,2062102
29/6/1969,2062757
6/7/1969,2063412
13/7/1969,2064067
20/7/1969,2064722
27/7/1969,2065377
3/8/1969,2066032
10/8/1969,2066687
17/8/1969,2067342
24/8/1969,2067997
31/8/1969,2068652
7/9/1969,2069307
14/9/1969,2069962
21/9/1969,2070617
28/9/1969,2071272
5/10/1969,2071928
12/10/1969,2072583
19/10/1969,2073238
26/10/1969,2073893
2/11/1969,2074548
9/11/1969,2075203
16/11/1969,2075858
23/11/1969,2076513
30/11/1969,2077168
7/12/1969,2077823
14/12/1969,2078478
21/12/1969,2079133
28/12/1969,2079788
4/1/1970,2080443
11/1/1970,2081098
18/1/1970,2081753
25/1/1970,2082408
1/2/1970,2083063
8/2/1970,2083718
15/2/1970,2084374
22/2/1970,2085029
1/3/1970,2085684
8/3/1970,2086339
15/3/1970,2086994
22/3/1970,2087649
29/3/1970,2088304
5/4/1970,2088959
12/4/1970,2089614
19/4/1970,2090269
26/4/1970,2090924
3/5/1970,2091579
10/5/1970,2092234
17/5/1970,2092889
24/5/1970,2093544
31/5/1970,2094199
7/6/1970,2094854
14/6/1970,2095509
21/6/1970,2096164
28/6/1970,2096820
5/7/1970,2097475
12/7/1970,2098130
19/7/1970,2098785
26/7/1970,2099440
2/8/1970,2100095
9/8/1970,2100750
16/8/1970,2101405
23/8/1970,2102060
30/8/1970,2102715
6/9/1970,2103370
13/9/1970,2104025
20/9/1970,2104680
27/9/1970,2105335
4/10/1970,2105990
11/10/1970,2106645
18/10/1970,2107300
25/10/1970,2107955
1/11/1970,2108610
8/11/1970,2109266
15/11/1970,2109921
22/11/1970,2110576
29/11/1970,2111231
6/12/1970,2111886
13/12/1970,2112541
20/12/1970,2113196
27/12/1970,2113851
3/1/1971,2114506
10/1/1971,2115161
17/1/1971,2115816
24/1/1971,2116471
31/1/1971,2117126
7/2/1971,2117781
14/2/1971,2118436
21/2/1971,2119091
28/2/1971,2119746
7/3/1971,2120401
14/3/1971,2121056
21/3/1971,2121711
28/3/1971,2122367
4/4/1971,2123022
11/4/1971,2123677
18/4/1971,2124332
25/4/1971,2124987
2/5/1971,2125642
9/5/1971,2126297
16/5/1971,2126952
23/5/1971,2127607
30/5/1971,2128262
6/6/1971,2128917
13/6/1971,2129572
20/6/1971,2130227
27/6/1971,2130882
4/7/1971,2131537
11/7/1971,2132192
18/7/1971,2132847
25/7/1971,2133502
1/8/1971,2134157
8/8/1971,2134813
15/8/1971,2135468
22/8/1971,2136123
29/8/1971,2136778
5/9/1971,2137433
12/9/1971,2138088
19/9/1971,2138743
26/9/1971,2139398
3/10/1971,2140053
10/10/1971,2140708
17/10/1971,2141363
24/10/1971,2142018
31/10/1971,2142673
7/11/1971,2143328
14/11/1971,2143983
21/11/1971,2144638
28/11/1971,2145293
5/12/1971,2145948
12/12/1971,2146603
19/12/1971,2147259
26/12/1971,2147914
2/1/1972,2148569
9/1/1972,2149224
16/1/1972,2149879
23/1/1972,2150534
30/1/1972,2151189
6/2/1972,2151844
13/2/1972,2152499
20/2/1972,2153154
27/2/1972,2153809
5/3/1972,2154464
12/3/1972,2155119
19/3/1972,2155774
26/3/1972,2156429
2/4/1972,2157084
9/4/1972,2157739
16/4/1972,2158394
23/4/1972,2159049
30/4/1972,2159705
7/5/1972,2160360
14/5/1972,2161015
21/5/1972,2161670
28/5/1972,2162325
4/6/1972,2162980
11/6/1972,2163635
18/6/1972,2164290
25/6/1972,2164945
2/7/1972,2165600
9/7/1972,2166255
16/7/1972,2166910
23/7/1972,2167565
30/7/1972,2168220
6/8/1972,2168875
13/8/1972,2169530
20/8/1972,2170185
27/8/1972,2170840
3/9/1972,2171495
10/9/1972,2172151
17/9/1972,2172806
24/9/1972,2173461
1/10/1972,2174116
8/10/1972,2174771
15/10/1972,2175426
22/10/1972,2176081
29/10/1972,2176736
5/11/1972,2177391
12/11/1972,2178046
19/11/1972,2178701
26/11/1972,2179356
3/12/1972,2180011
10/12/1972,2180666
17/12/1972,2181321
24/12/1972,2181976
31/12/1972,2182631
7/1/1973,2183286
14/1/1973,2183941
21/1/1973,2184597
28/1/1973,2185252
4/2/1973,2185907
11/2/1973,2186562
18/2/1973,2187217
25/2/1973,2187872
4/3/1973,2188527
11/3/1973,2189182
18/3/1973,2189837
25/3/1973,2190492
1/4/1973,2191147
8/4/1973,2191802
15/4/1973,2192457
22/4/1973,2193112
29/4/1973,2193767
6/5/1973,2194422
13/5/1973,2195077
20/5/1973,2195732
27/5/1973,2196387
3/6/1973,2197043
10/6/1973,2197698
17/6/1973,2198353
24/6/1973,2199008
1/7/1973,2199663
8/7/1973,2200318
15/7/1973,2200973
22/7/1973,2201628
29/7/1973,2202283
5/8/1973,2202938
12/8/1973,2203593
19/8/1973,2204248
26/8/1973,2204903
2/9/1973,2205558
9/9/1973,2206213
16/9/1973,2206868
23/9/1973,2207523
30/9/1973,2208178
7/10/1973,2208833
14/10/1973,2209489
21/10/1973,2210144
28/10/1973,2210799
4/11/1973,2211454
11/11/1973,2212109
18/11/1973,2212764
25/11/1973,2213419
2/12/1973,2214074
9/12/1973,2214729
16/12/1973,2215384
23/12/1973,2216039
30/12/1973,2216694
6/1/1974,2217349
13/1/1974,2218004
20/1/1974,2218659
27/1/1974,2219314
3/2/1974,2219969
10/2/1974,2220624
17/2/1974,2221279
24/2/1974,2221934
3/3/1974,2222590
10/3/1974,2223245
17/3/1974,2223900
24/3/1974,2224555
31/3/1974,2225210
7/4/1974,2225865
14/4/1974,2226520
21/4/1974,2227175
28/4/1974,2227830
5/5/1974,2228485
12/5/1974,2229140
19/5/1974,2229795
26/5/1974,2230450
2/6/1974,2231105
9/6/1974,2231760
16/6/1974,2232415
23/6/1974,2233070
30/6/1974,2233725
7/7/1974,2234380
14/7/1974,2235036
21/7/1974,2235691
28/7/1974,2236346
4/8/1974,2237001
11/8/1974,2237656
18/8/1974,2238311
25/8/1974,2238966
1/9/1974,2239621
8/9/1974,2240276
15/9/1974,2240931
22/9/1974,2241586
29/9/1974,2242241
6/10/1974,2242896
13/10/1974,2243551
20/10/1974,2244206
27/10/1974,2244861
3/11/1974,2245516
10/11/1974,2246171
17/11/1974,2246826
24/11/1974,2247482
1/12/1974,2248137
8/12/1974,2248792
15/12/1974,2249447
22/12/1974,2250102
29/12/1974,2250757
5/1/1975,2251412
12/1/1975,2252067
19/1/1975,2252722
26/1/1975,2253377
2/2/1975,2254032
9/2/1975,2254687
16/2/1975,2255342
23/2/1975,2255997
2/3/1975,2256652
9/3/1975,2257307
16/3/1975,2257962
23/3/1975,2258617
30/3/1975,2259272
6/4/1975,2259928
13/4/1975,2260583
20/4/1975,2261238
27/4/1975,2261893
4/5/1975,2262548
11/5/1975,2263203
18/5/1975,2263858
25/5/1975,2264513
1/6/1975,2265168
8/6/1975,2265823
15/6/1975,2266478
22/6/1975,2267133
29/6/1975,2267788
6/7/1975,2268443
13/7/1975,2269098
20/7/1975,2269753
27/7/1975,2270408
3/8/1975,2271063
10/8/1975,2271718
17/8/1975,2272374
24/8/1975,2273029
31/8/1975,2273684
7/9/1975,2274339
14/9/1975,2274994
21/9/1975,2275649
28/9/1975,2276304
5/10/1975,2276959
12/10/1975,2277614
19/10/1975,2278269
26/10/1975,2278924
2/11/1975,2279579
9/11/1975,2280234
16/11/1975,2280889
23/11/1975,2281544
30/11/1975,2282199
7/12/1975,2282854
14/12/1975,2283509
21/12/1975,2284164
28/12/1975,2284820
4/1/1976,2285475
11/1/1976,2286130
18/1/1976,2286785
25/1/1976,2287440
1/2/1976,2288095
8/2/1976,2288750
15/2/1976,2289405
22/2/1976,2290060
29/2/1976,2290715
7/3/1976,2291370
14/3/1976,2292025
21/3/1976,2292680
28/3/1976,2293335
4/4/1976,2293990
11/4/1976,2294645
18/4/1976,2295300
25/4/1976,2295955
2/5/1976,2296610
9/5/1976,2297266
16/5/1976,2297921
23/5/1976,2298576
30/5/1976,2299231
6/6/1976,2299886
13/6/1976,2300541
20/6/1976,2301196
27/6/1976,2301851
4/7/1976,2302506
11/7/1976,2303161
18/7/1976,2303816
25/7/1976,2304471
1/8/1976,2305126
8/8/1976,2305781
15/8/1976,2306436
22/8/1976,2307091
29/8/1976,2307746
5/9/1976,2308401
12/9/1976,2309056
19/9/1976,2309711
26/9/1976,2310367
3/10/1976,2311022
10/10/1976,2311677
17/10/1976,2312332
24/10/1976,2312987
31/10/1976,2313642
7/11/1976,2314297
14/11/1976,2314952
21/11/1976,2315607
28/11/1976,2316262
5/12/1976,2316917
12/12/1976,2317572
19/12/1976,2318227
26/12/1976,2318882
2/1/1977,2319537
9/1/1977,2320192
16/1/1977,2320847
23/1/1977,2321502
30/1/1977,2322157
6/2/1977,2322813
13/2/1977,2323468
20/2/1977,2324123
27/2/1977,2324778
6/3/1977,2325433
13/3/1977,2326088
20/3/1977,2326743
27/3/1977,2327398
3/4/1977,2328053
10/4/1977,2328708
17/4/1977,2329363
24/4/1977,2330018
1/5/1977,2330673
8/5/1977,2331328
15/5/1977,2331983
22/5/1977,2332638
29/5/1977,2333293
5/6/1977,2333948
12/6/1977,2334603
19/6/1977,2335259
26/6/1977,2335914
3/7/1977,2336569
10/7/1977,2337224
17/7/1977,2337879
24/7/1977,2338534
31/7/1977,2339189
7/8/1977,2339844
14/8/1977,2340499
21/8/1977,2341154
28/8/1977,2341809
4/9/1977,2342464
11/9/1977,2343119
18/9/1977,2343774
25/9/1977,2344429
2/10/1977,2345084
9/10/1977,2345739
16/10/1977,2346394
23/10/1977,2347049
30/10/1977,2347705
6/11/1977,2348360
13/11/1977,2349015
20/11/1977,2349670
27/11/1977,2350325
4/12/1977,2350980
11/12/1977,2351635
18/12/1977,2352290
25/12/1977,2352945
1/1/1978,2353600
8/1/1978,2354810
15/1/1978,2356019
22/1/1978,2357229
29/1/1978,2358439
5/2/1978,2359648
12/2/1978,2360858
19/2/1978,2362068
26/2/1978,2363277
5/3/1978,2364487
12/3/1978,2365697
19/3/1978,2366906
26/3/1978,2368116
2/4/1978,2369325
9/4/1978,2370535
16/4/1978,2371745
23/4/1978,2372954
30/4/1978,2374164
7/5/1978,2375374
14/5/1978,2376583
21/5/1978,2377793
28/5/1978,2379003
4/6/1978,2380212
11/6/1978,2381422
18/6/1978,2382632
25/6/1978,2383841
2/7/1978,2385051
9/7/1978,2386261
16/7/1978,2387470
23/7/1978,2388680
30/7/1978,2389890
6/8/1978,2391099
13/8/1978,2392309
20/8/1978,2393519
27/8/1978,2394728
3/9/1978,2395938
10/9/1978,2397147
17/9/1978,2398357
24/9/1978,2399567
1/10/1978,2400776
8/10/1978,2401986
15/10/1978,2403196
22/10/1978,2404405
29/10/1978,2405615
5/11/1978,2406825
12/11/1978,2408034
19/11/1978,2409244
26/11/1978,2410454
3/12/1978,2411663
10/12/1978,2412873
17/12/1978,2414083
24/12/1978,2415292
31/12/1978,2416502
7/1/1979,2417712
14/1/1979,2418921
21/1/1979,2420131
28/1/1979,2421340
4/2/1979,2422550
11/2/1979,2423760
18/2/1979,2424969
25/2/1979,2426179
4/3/1979,2427389
11/3/1979,2428598
18/3/1979,2429808
25/3/1979,2431018
1/4/1979,2432227
8/4/1979,2433437
15/4/1979,2434647
22/4/1979,2435856
29/4/1979,2437066
6/5/1979,2438276
13/5/1979,2439485
20/5/1979,2440695
27/5/1979,2441905
3/6/1979,2443114
10/6/1979,2444324
17/6/1979,2445534
24/6/1979,2446743
1/7/1979,2447953
8/7/1979,2449162
15/7/1979,2450372
22/7/1979,2451582
29/7/1979,2452791
5/8/1979,2454001
12/8/1979,2455211
19/8/1979,2456420
26/8/1979,2457630
2/9/1979,2458840
9/9/1979,2460049
16/9/1979,2461259
23/9/1979,2462469
30/9/1979,2463678
7/10/1979,2464888
14/10/1979,2466098
21/10/1979,2467307
28/10/1979,2468517
4/11/1979,2469727
11/11/1979,2470936
18/11/1979,2472146
25/11/1979,2473356
2/12/1979,2474565
9/12/1979,2475775
16/12/1979,2476984
23/12/1979,2478194
30/12/1979,2479404
6/1/1980,2480613
13/1/1980,2481823
20/1/1980,2483033
27/1/1980,2484242
3/2/1980,2485452
10/2/1980,2486662
17/2/1980,2487871
24/2/1980,2489081
2/3/1980,2490291
9/3/1980,2491500
16/3/1980,2492710
23/3/1980,2493920
30/3/1980,2495129
6/4/1980,2496339
13/4/1980,2497549
20/4/1980,2498758
27/4/1980,2499968
4/5/1980,2501178
11/5/1980,2502387
18/5/1980,2503597
25/5/1980,2504806
1/6/1980,2506016
8/6/1980,2507226
15/6/1980,2508435
22/6/1980,2509645
29/6/1980,2510855
6/7/1980,2512064
13/7/1980,2513274
20/7/1980,2514484
27/7/1980,2515693
3/8/1980,2516903
10/8/1980,2518113
17/8/1980,2519322
24/8/1980,2520532
31/8/1980,2521742
7/9/1980,2522951
14/9/1980,2524161
21/9/1980,2525371
28/9/1980,2526580
5/10/1980,2527790
12/10/1980,2529000
19/10/1980,2530209
26/10/1980,2531419
2/11/1980,2532628
9/11/1980,2533838
16/11/1980,2535048
23/11/1980,2536257
30/11/1980,2537467
7/12/1980,2538677
14/12/1980,2539886
21/12/1980,2541096
28/12/1980,2542306
4/1/1981,2543515
11/1/1981,2544725
18/1/1981,2545935
25/1/1981,2547144
1/2/1981,2548354
8/2/1981,2549564
15/2/1981,2550773
22/2/1981,2551983
1/3/1981,2553193
8/3/1981,2554402
15/3/1981,2555612
22/3/1981,2556821
29/3/1981,2558031
5/4/1981,2559241
12/4/1981,2560450
19/4/1981,2561660
26/4/1981,2562870
3/5/1981,2564079
10/5/1981,2565289
17/5/1981,2566499
24/5/1981,2567708
31/5/1981,2568918
7/6/1981,2570128
14/6/1981,2571337
21/6/1981,2572547
28/6/1981,2573757
5/7/1981,2574966
12/7/1981,2576176
19/7/1981,2577386
26/7/1981,2578595
2/8/1981,2579805
9/8/1981,2581015
16/8/1981,2582224
23/8/1981,2583434
30/8/1981,2584643
6/9/1981,2585853
13/9/1981,2587063
20/9/1981,2588272
27/9/1981,2589482
4/10/1981,2590692
11/10/1981,2591901
18/10/1981,2593111
25/10/1981,2594321
1/11/1981,2595530
8/11/1981,2596740
15/11/1981,2597950
22/11/1981,2599159
29/11/1981,2600369
6/12/1981,2601579
13/12/1981,2602788
20/12/1981,2603998
27/12/1981,2605208
3/1/1982,2606417
10/1/1982,2607627
17/1/1982,2608837
24/1/1982,2610046
31/1/1982,2611256
7/2/1982,2612465
14/2/1982,2613675
21/2/1982,2614885
28/2/1982,2616094
7/3/1982,2617304
14/3/1982,2618514
21/3/1982,2619723
28/3/1982,2620933
4/4/1982,2622143
11/4/1982,2623352
18/4/1982,2624562
25/4/1982,2625772
2/5/1982,2626981
9/5/1982,2628191
16/5/1982,2629401
23/5/1982,2630610
30/5/1982,2631820
6/6/1982,2633030
13/6/1982,2634239
20/6/1982,2635449
27/6/1982,2636659
4/7/1982,2637868
11/7/1982,2639078
18/7/1982,2640287
25/7/1982,2641497
1/8/1982,2642707
8/8/1982,2643916
15/8/1982,2645126
22/8/1982,2646336
29/8/1982,2647545
5/9/1982,2648755
12/9/1982,2649965
19/9/1982,2651174
26/9/1982,2652384
3/10/1982,2653594
10/10/1982,2654803
17/10/1982,2656013
24/10/1982,2657223
31/10/1982,2658432
7/11/1982,2659642
14/11/1982,2660852
21/11/1982,2662061
28/11/1982,2663271
5/12/1982,2664481
12/12/1982,2665690
19/12/1982,2666900
26/12/1982,2668109
2/1/1983,2669319
9/1/1983,2670529
16/1/1983,2671738
23/1/1983,2672948
30/1/1983,2674158
6/2/1983,2675367
13/2/1983,2676577
20/2/1983,2677787
27/2/1983,2678996
6/3/1983,2680206
13/3/1983,2681416
20/3/1983,2682625
27/3/1983,2683835
3/4/1983,2685045
10/4/1983,2686254
17/4/1983,2687464
24/4/1983,2688674
1/5/1983,2689883
8/5/1983,2691093
15/5/1983,2692302
22/5/1983,2693512
29/5/1983,2694722
5/6/1983,2695931
12/6/1983,2697141
19/6/1983,2698351
26/6/1983,2699560
3/7/1983,2700770
10/7/1983,2701980
17/7/1983,2703189
24/7/1983,2704399
31/7/1983,2705609
7/8/1983,2706818
14/8/1983,2708028
21/8/1983,2709238
28/8/1983,2710447
4/9/1983,2711657
11/9/1983,2712867
18/9/1983,2714076
25/9/1983,2715286
2/10/1983,2716496
9/10/1983,2717705
16/10/1983,2718915
23/10/1983,2720124
30/10/1983,2721334
6/11/1983,2722544
13/11/1983,2723753
20/11/1983,2724963
27/11/1983,2726173
4/12/1983,2727382
11/12/1983,2728592
18/12/1983,2729802
25/12/1983,2731011
1/1/1984,2732221
8/1/1984,2732982
15/1/1984,2733743
22/1/1984,2734505
29/1/1984,2735266
5/2/1984,2736027
12/2/1984,2736788
19/2/1984,2737550
26/2/1984,2738311
4/3/1984,2739072
11/3/1984,2739833
18/3/1984,2740594
25/3/1984,2741356
1/4/1984,2742117
8/4/1984,2742878
15/4/1984,2743639
22/4/1984,2744401
29/4/1984,2745162
6/5/1984,2745923
13/5/1984,2746684
20/5/1984,2747446
27/5/1984,2748207
3/6/1984,2748968
10/6/1984,2749729
17/6/1984,2750490
24/6/1984,2751252
1/7/1984,2752013
8/7/1984,2752774
15/7/1984,2753535
22/7/1984,2754297
29/7/1984,2755058
5/8/1984,2755819
12/8/1984,2756580
19/8/1984,2757341
26/8/1984,2758103
2/9/1984,2758864
9/9/1984,2759625
16/9/1984,2760386
23/9/1984,2761148
30/9/1984,2761909
7/10/1984,2762670
14/10/1984,2763431
21/10/1984,2764192
28/10/1984,2764954
4/11/1984,2765715
11/11/1984,2766476
18/11/1984,2767237
25/11/1984,2767999
2/12/1984,2768760
9/12/1984,2769521
16/12/1984,2770282
23/12/1984,2771044
30/12/1984,2771805
6/1/1985,2772566
13/1/1985,2773327
20/1/1985,2774088
27/1/1985,2774850
3/2/1985,2775611
10/2/1985,2776372
17/2/1985,2777133
24/2/1985,2777895
3/3/1985,2778656
10/3/1985,2779417
17/3/1985,2780178
24/3/1985,2780939
31/3/1985,2781701
7/4/1985,2782462
14/4/1985,2783223
21/4/1985,2783984
28/4/1985,2784746
5/5/1985,2785507
12/5/1985,2786268
19/5/1985,2787029
26/5/1985,2787791
2/6/1985,2788552
9/6/1985,2789313
16/6/1985,2790074
23/6/1985,2790835
30/6/1985,2791597
7/7/1985,2792358
14/7/1985,2793119
21/7/1985,2793880
28/7/1985,2794642
4/8/1985,2795403
11/8/1985,2796164
18/8/1985,2796925
25/8/1985,2797686
1/9/1985,2798448
8/9/1985,2799209
15/9/1985,2799970
22/9/1985,2800731
29/9/1985,2801493
6/10/1985,2802254
13/10/1985,2803015
20/10/1985,2803776
27/10/1985,2804537
3/11/1985,2805299
10/11/1985,2806060
17/11/1985,2806821
24/11/1985,2807582
1/12/1985,2808344
8/12/1985,2809105
15/12/1985,2809866
22/12/1985,2810627
29/12/1985,2811389
5/1/1986,2812150
12/1/1986,2812911
19/1/1986,2813672
26/1/1986,2814433
2/2/1986,2815195
9/2/1986,2815956
16/2/1986,2816717
23/2/1986,2817478
2/3/1986,2818240
9/3/1986,2819001
16/3/1986,2819762
23/3/1986,2820523
30/3/1986,2821284
6/4/1986,2822046
13/4/1986,2822807
20/4/1986,2823568
27/4/1986,2824329
4/5/1986,2825091
11/5/1986,2825852
18/5/1986,2826613
25/5/1986,2827374
1/6/1986,2828135
8/6/1986,2828897
15/6/1986,2829658
22/6/1986,2830419
29/6/1986,2831180
6/7/1986,2831942
13/7/1986,2832703
20/7/1986,2833464
27/7/1986,2834225
3/8/1986,2834987
10/8/1986,2835748
17/8/1986,2836509
24/8/1986,2837270
31/8/1986,2838031
7/9/1986,2838793
14/9/1986,2839554
21/9/1986,2840315
28/9/1986,2841076
5/10/1986,2841838
12/10/1986,2842599
19/10/1986,2843360
26/10/1986,2844121
2/11/1986,2844882
9/11/1986,2845644
16/11/1986,2846405
23/11/1986,2847166
30/11/1986,2847927
7/12/1986,2848689
14/12/1986,2849450
21/12/1986,2850211
28/12/1986,2850972
4/1/1987,2851733
11/1/1987,2852495
18/1/1987,2853256
25/1/1987,2854017
1/2/1987,2854778
8/2/1987,2855540
15/2/1987,2856301
22/2/1987,2857062
1/3/1987,2857823
8/3/1987,2858585
15/3/1987,2859346
22/3/1987,2860107
29/3/1987,2860868
5/4/1987,2861629
12/4/1987,2862391
19/4/1987,2863152
26/4/1987,2863913
3/5/1987,2864674
10/5/1987,2865436
17/5/1987,2866197
24/5/1987,2866958
31/5/1987,2867719
7/6/1987,2868480
14/6/1987,2869242
21/6/1987,2870003
28/6/1987,2870764
5/7/1987,2871525
12/7/1987,2872287
19/7/1987,2873048
26/7/1987,2873809
2/8/1987,2874570
9/8/1987,2875331
16/8/1987,2876093
23/8/1987,2876854
30/8/1987,2877615
6/9/1987,2878376
13/9/1987,2879138
20/9/1987,2879899
27/9/1987,2880660
4/10/1987,2881421
11/10/1987,2882183
18/10/1987,2882944
25/10/1987,2883705
1/11/1987,2884466
8/11/1987,2885227
15/11/1987,2885989
22/11/1987,2886750
29/11/1987,2887511
6/12/1987,2888272
13/12/1987,2889034
20/12/1987,2889795
27/12/1987,2890556
3/1/1988,2891317
10/1/1988,2892078
17/1/1988,2892840
24/1/1988,2893601
31/1/1988,2894362
7/2/1988,2895123
14/2/1988,2895885
21/2/1988,2896646
28/2/1988,2897407
6/3/1988,2898168
13/3/1988,2898930
20/3/1988,2899691
27/3/1988,2900452
3/4/1988,2901213
10/4/1988,2901974
17/4/1988,2902736
24/4/1988,2903497
1/5/1988,2904258
8/5/1988,2905019
15/5/1988,2905781
22/5/1988,2906542
29/5/1988,2907303
5/6/1988,2908064
12/6/1988,2908825
19/6/1988,2909587
26/6/1988,2910348
3/7/1988,2911109
10/7/1988,2911870
17/7/1988,2912632
24/7/1988,2913393
31/7/1988,2914154
7/8/1988,2914915
14/8/1988,2915676
21/8/1988,2916438
28/8/1988,2917199
4/9/1988,2917960
11/9/1988,2918721
18/9/1988,2919483
25/9/1988,2920244
2/10/1988,2921005
9/10/1988,2921766
16/10/1988,2922528
23/10/1988,2923289
30/10/1988,2924050
6/11/1988,2924811
13/11/1988,2925572
20/11/1988,2926334
27/11/1988,2927095
4/12/1988,2927856
11/12/1988,2928617
18/12/1988,2929379
25/12/1988,2930140
1/1/1989,2930901
8/1/1989,2932798
15/1/1989,2934694
22/1/1989,2936591
29/1/1989,2938487
5/2/1989,2940384
12/2/1989,2942280
19/2/1989,2944177
26/2/1989,2946073
5/3/1989,2947970
12/3/1989,2949866
19/3/1989,2951763
26/3/1989,2953659
2/4/1989,2955556
9/4/1989,2957452
16/4/1989,2959349
23/4/1989,2961245
30/4/1989,2963142
7/5/1989,2965038
14/5/1989,2966935
21/5/1989,2968831
28/5/1989,2970728
4/6/1989,2972624
11/6/1989,2974521
18/6/1989,2976417
25/6/1989,2978314
2/7/1989,2980210
9/7/1989,2982107
16/7/1989,2984003
23/7/1989,2985900
30/7/1989,2987796
6/8/1989,2989693
13/8/1989,2991589
20/8/1989,2993486
27/8/1989,2995382
3/9/1989,2997279
10/9/1989,2999175
17/9/1989,3001072
24/9/1989,3002968
1/10/1989,3004865
8/10/1989,3006761
15/10/1989,3008658
22/10/1989,3010554
29/10/1989,3012451
5/11/1989,3014347
12/11/1989,3016244
19/11/1989,3018140
26/11/1989,3020037
3/12/1989,3021933
10/12/1989,3023830
17/12/1989,3025726
24/12/1989,3027623
31/12/1989,3029519
7/1/1990,3031416
14/1/1990,3033312
21/1/1990,3035209
28/1/1990,3037105
4/2/1990,3039002
11/2/1990,3040898
18/2/1990,3042795
25/2/1990,3044691
4/3/1990,3046588
11/3/1990,3048484
18/3/1990,3050381
25/3/1990,3052277
1/4/1990,3054174
8/4/1990,3056070
15/4/1990,3057967
22/4/1990,3059863
29/4/1990,3061760
6/5/1990,3063656
13/5/1990,3065553
20/5/1990,3067449
27/5/1990,3069346
3/6/1990,3071242
10/6/1990,3073139
17/6/1990,3075035
24/6/1990,3076932
1/7/1990,3078828
8/7/1990,3080725
15/7/1990,3082621
22/7/1990,3084518
29/7/1990,3086414
5/8/1990,3088311
12/8/1990,3090207
19/8/1990,3092104
26/8/1990,3094000
2/9/1990,3095897
9/9/1990,3097793
16/9/1990,3099690
23/9/1990,3101586
30/9/1990,3103483
7/10/1990,3105379
14/10/1990,3107276
21/10/1990,3109172
28/10/1990,3111069
4/11/1990,3112965
11/11/1990,3114862
18/11/1990,3116758
25/11/1990,3118655
2/12/1990,3120551
9/12/1990,3122448
16/12/1990,3124344
23/12/1990,3126241
30/12/1990,3128137
6/1/1991,3130034
13/1/1991,3131930
20/1/1991,3133827
27/1/1991,3135723
3/2/1991,3137620
10/2/1991,3139516
17/2/1991,3141413
24/2/1991,3143309
3/3/1991,3145206
10/3/1991,3147102
17/3/1991,3148999
24/3/1991,3150895
31/3/1991,3152792
7/4/1991,3154688
14/4/1991,3156585
21/4/1991,3158481
28/4/1991,3160378
5/5/1991,3162274
12/5/1991,3164171
19/5/1991,3166067
26/5/1991,3167964
2/6/1991,3169860
9/6/1991,3171757
16/6/1991,3173653
23/6/1991,3175550
30/6/1991,3177446
7/7/1991,3179343
14/7/1991,3181239
21/7/1991,3183136
28/7/1991,3185032
4/8/1991,3186929
11/8/1991,3188825
18/8/1991,3190722
25/8/1991,3192618
1/9/1991,3194515
8/9/1991,3196411
15/9/1991,3198308
22/9/1991,3200204
29/9/1991,3202101
6/10/1991,3203997
13/10/1991,3205894
20/10/1991,3207790
27/10/1991,3209687
3/11/1991,3211583
10/11/1991,3213480
17/11/1991,3215376
24/11/1991,3217273
1/12/1991,3219169
8/12/1991,3221066
15/12/1991,3222962
22/12/1991,3224859
29/12/1991,3226755
5/1/1992,3228652
12/1/1992,3230548
19/1/1992,3232445
26/1/1992,3234341
2/2/1992,3236238
9/2/1992,3238134
16/2/1992,3240031
23/2/1992,3241927
1/3/1992,3243824
8/3/1992,3245720
15/3/1992,3247617
22/3/1992,3249513
29/3/1992,3251410
5/4/1992,3253306
12/4/1992,3255203
19/4/1992,3257099
26/4/1992,3258996
3/5/1992,3260892
10/5/1992,3262789
17/5/1992,3264685
24/5/1992,3266582
31/5/1992,3268478
7/6/1992,3270375
14/6/1992,3272271
21/6/1992,3274168
28/6/1992,3276064
5/7/1992,3277961
12/7/1992,3279857
19/7/1992,3281754
26/7/1992,3283650
2/8/1992,3285547
9/8/1992,3287443
16/8/1992,3289340
23/8/1992,3291236
30/8/1992,3293133
6/9/1992,3295029
13/9/1992,3296926
20/9/1992,3298822
27/9/1992,3300719
4/10/1992,3302615
11/10/1992,3304512
18/10/1992,3306408
25/10/1992,3308305
1/11/1992,3310201
8/11/1992,3312098
15/11/1992,3313994
22/11/1992,3315891
29/11/1992,3317787
6/12/1992,3319684
13/12/1992,3321580
20/12/1992,3323477
27/12/1992,3325373
3/1/1993,3327270
10/1/1993,3329166
17/1/1993,3331063
24/1/1993,3332959
31/1/1993,3334856
7/2/1993,3336752
14/2/1993,3338649
21/2/1993,3340545
28/2/1993,3342442
7/3/1993,3344338
14/3/1993,3346235
21/3/1993,3348131
28/3/1993,3350028
4/4/1993,3351924
11/4/1993,3353821
18/4/1993,3355717
25/4/1993,3357614
2/5/1993,3359510
9/5/1993,3361407
16/5/1993,3363303
23/5/1993,3365200
30/5/1993,3367096
6/6/1993,3368993
13/6/1993,3370889
20/6/1993,3372786
27/6/1993,3374682
4/7/1993,3376579
11/7/1993,3378475
18/7/1993,3380372
25/7/1993,3382268
1/8/1993,3384165
8/8/1993,3386061
15/8/1993,3387958
22/8/1993,3389854
29/8/1993,3391751
5/9/1993,3393647
12/9/1993,3395544
19/9/1993,3397440
26/9/1993,3399337
3/10/1993,3401233
10/10/1993,3403130
17/10/1993,3405026
24/10/1993,3406923
31/10/1993,3408819
7/11/1993,3410716
14/11/1993,3412612
21/11/1993,3414509
28/11/1993,3416405
5/12/1993,3418302
12/12/1993,3420198
19/12/1993,3422095
26/12/1993,3423991
2/1/1994,3425888
9/1/1994,3427784
16/1/1994,3429681
23/1/1994,3431577
30/1/1994,3433474
6/2/1994,3435370
13/2/1994,3437267
20/2/1994,3439163
27/2/1994,3441060
6/3/1994,3442956
13/3/1994,3444853
20/3/1994,3446749
27/3/1994,3448646
3/4/1994,3450542
10/4/1994,3452439
17/4/1994,3454335
24/4/1994,3456232
1/5/1994,3458128
8/5/1994,3460025
15/5/1994,3461921
22/5/1994,3463818
29/5/1994,3465714
5/6/1994,3467611
12/6/1994,3469507
19/6/1994,3471404
26/6/1994,3473300
3/7/1994,3475197
10/7/1994,3477093
17/7/1994,3478990
24/7/1994,3480886
31/7/1994,3482783
7/8/1994,3484679
14/8/1994,3486576
21/8/1994,3488472
28/8/1994,3490369
4/9/1994,3492265
11/9/1994,3494162
18/9/1994,3496058
25/9/1994,3497955
2/10/1994,3499851
9/10/1994,3501748
16/10/1994,3503644
23/10/1994,3505541
30/10/1994,3507437
6/11/1994,3509334
13/11/1994,3511230
20/11/1994,3513127
27/11/1994,3515023
4/12/1994,3516920
11/12/1994,3518816
18/12/1994,3520713
25/12/1994,3522609
1/1/1995,3524506
8/1/1995,3526034
15/1/1995,3527561
22/1/1995,3529089
29/1/1995,3530617
5/2/1995,3532144
12/2/1995,3533672
19/2/1995,3535199
26/2/1995,3536727
5/3/1995,3538255
12/3/1995,3539782
19/3/1995,3541310
26/3/1995,3542838
2/4/1995,3544365
9/4/1995,3545893
16/4/1995,3547420
23/4/1995,3548948
30/4/1995,3550476
7/5/1995,3552003
14/5/1995,3553531
21/5/1995,3555059
28/5/1995,3556586
4/6/1995,3558114
11/6/1995,3559641
18/6/1995,3561169
25/6/1995,3562697
2/7/1995,3564224
9/7/1995,3565752
16/7/1995,3567280
23/7/1995,3568807
30/7/1995,3570335
6/8/1995,3571862
13/8/1995,3573390
20/8/1995,3574918
27/8/1995,3576445
3/9/1995,3577973
10/9/1995,3579501
17/9/1995,3581028
24/9/1995,3582556
1/10/1995,3584084
8/10/1995,3585611
15/10/1995,3587139
22/10/1995,3588666
29/10/1995,3590194
5/11/1995,3591722
12/11/1995,3593249
19/11/1995,3594777
26/11/1995,3596305
3/12/1995,3597832
10/12/1995,3599360
17/12/1995,3600887
24/12/1995,3602415
31/12/1995,3603943
7/1/1996,3605470
14/1/1996,3606998
21/1/1996,3608526
28/1/1996,3610053
4/2/1996,3611581
11/2/1996,3613108
18/2/1996,3614636
25/2/1996,3616164
3/3/1996,3617691
10/3/1996,3619219
17/3/1996,3620747
24/3/1996,3622274
31/3/1996,3623802
7/4/1996,3625330
14/4/1996,3626857
21/4/1996,3628385
28/4/1996,3629912
5/5/1996,3631440
12/5/1996,3632968
19/5/1996,3634495
26/5/1996,3636023
2/6/1996,3637551
9/6/1996,3639078
16/6/1996,3640606
23/6/1996,3642133
30/6/1996,3643661
7/7/1996,3645189
14/7/1996,3646716
21/7/1996,3648244
28/7/1996,3649772
4/8/1996,3651299
11/8/1996,3652827
18/8/1996,3654354
25/8/1996,3655882
1/9/1996,3657410
8/9/1996,3658937
15/9/1996,3660465
22/9/1996,3661993
29/9/1996,3663520
6/10/1996,3665048
13/10/1996,3666575
20/10/1996,3668103
27/10/1996,3669631
3/11/1996,3671158
10/11/1996,3672686
17/11/1996,3674214
24/11/1996,3675741
1/12/1996,3677269
8/12/1996,3678797
15/12/1996,3680324
22/12/1996,3681852
29/12/1996,3683379
5/1/1997,3684907
12/1/1997,3686435
19/1/1997,3687962
26/1/1997,3689490
2/2/1997,3691018
9/2/1997,3692545
16/2/1997,3694073
23/2/1997,3695600
2/3/1997,3697128
9/3/1997,3698656
16/3/1997,3700183
23/3/1997,3701711
30/3/1997,3703239
6/4/1997,3704766
13/4/1997,3706294
20/4/1997,3707821
27/4/1997,3709349
4/5/1997,3710877
11/5/1997,3712404
18/5/1997,3713932
25/5/1997,3715460
1/6/1997,3716987
8/6/1997,3718515
15/6/1997,3720043
22/6/1997,3721570
29/6/1997,3723098
6/7/1997,3724625
13/7/1997,3726153
20/7/1997,3727681
27/7/1997,3729208
3/8/1997,3730736
10/8/1997,3732264
17/8/1997,3733791
24/8/1997,3735319
31/8/1997,3736846
7/9/1997,3738374
14/9/1997,3739902
21/9/1997,3741429
28/9/1997,3742957
5/10/1997,3744485
12/10/1997,3746012
19/10/1997,3747540
26/10/1997,3749067
2/11/1997,3750595
9/11/1997,3752123
16/11/1997,3753650
23/11/1997,3755178
30/11/1997,3756706
7/12/1997,3758233
14/12/1997,3759761
21/12/1997,3761288
28/12/1997,3762816
4/1/1998,3764344
11/1/1998,3765871
18/1/1998,3767399
25/1/1998,3768927
1/2/1998,3770454
8/2/1998,3771982
15/2/1998,3773510
22/2/1998,3775037
1/3/1998,3776565
8/3/1998,3778092
15/3/1998,3779620
22/3/1998,3781148
29/3/1998,3782675
5/4/1998,3784203
12/4/1998,3785731
19/4/1998,3787258
26/4/1998,3788786
3/5/1998,3790313
10/5/1998,3791841
17/5/1998,3793369
24/5/1998,3794896
31/5/1998,3796424
7/6/1998,3797952
14/6/1998,3799479
21/6/1998,3801007
28/6/1998,3802534
5/7/1998,3804062
12/7/1998,3805590
19/7/1998,3807117
26/7/1998,3808645
2/8/1998,3810173
9/8/1998,3811700
16/8/1998,3813228
23/8/1998,3814755
30/8/1998,3816283
6/9/1998,3817811
13/9/1998,3819338
20/9/1998,3820866
27/9/1998,3822394
4/10/1998,3823921
11/10/1998,3825449
18/10/1998,3826977
25/10/1998,3828504
1/11/1998,3830032
8/11/1998,3831559
15/11/1998,3833087
22/11/1998,3834615
29/11/1998,3836142
6/12/1998,3837670
13/12/1998,3839198
20/12/1998,3840725
27/12/1998,3842253
3/1/1999,3843780
10/1/1999,3845308
17/1/1999,3846836
24/1/1999,3848363
31/1/1999,3849891
7/2/1999,3851419
14/2/1999,3852946
21/2/1999,3854474
28/2/1999,3856001
7/3/1999,3857529
14/3/1999,3859057
21/3/1999,3860584
28/3/1999,3862112
4/4/1999,3863640
11/4/1999,3865167
18/4/1999,3866695
25/4/1999,3868223
2/5/1999,3869750
9/5/1999,3871278
16/5/1999,3872805
23/5/1999,3874333
30/5/1999,3875861
6/6/1999,3877388
13/6/1999,3878916
20/6/1999,3880444
27/6/1999,3881971
4/7/1999,3883499
11/7/1999,3885026
18/7/1999,3886554
25/7/1999,3888082
1/8/1999,3889609
8/8/1999,3891137
15/8/1999,3892665
22/8/1999,3894192
29/8/1999,3895720
5/9/1999,3897247
12/9/1999,3898775
19/9/1999,3900303
26/9/1999,3901830
3/10/1999,3903358
10/10/1999,3904886
17/10/1999,3906413
24/10/1999,3907941
31/10/1999,3909468
7/11/1999,3910996
14/11/1999,3912524
21/11/1999,3914051
28/11/1999,3915579
5/12/1999,3917107
12/12/1999,3918634
19/12/1999,3920162
26/12/1999,3921690
2/1/2000,3923217
9/1/2000,3924745
16/1/2000,3926272
23/1/2000,3927800
30/1/2000,3929328
6/2/2000,3930855
13/2/2000,3932383
20/2/2000,3933911
27/2/2000,3935438
5/3/2000,3936966
12/3/2000,3938493
19/3/2000,3940021
26/3/2000,3941549
2/4/2000,3943076
9/4/2000,3944604
16/4/2000,3946132
23/4/2000,3947659
30/4/2000,3949187
7/5/2000,3950714
14/5/2000,3952242
21/5/2000,3953770
28/5/2000,3955297
4/6/2000,3956825
11/6/2000,3958353
18/6/2000,3959880
25/6/2000,3961408
2/7/2000,3962936
9/7/2000,3964463
16/7/2000,3965991
23/7/2000,3967518
30/7/2000,3969046
6/8/2000,3970574
13/8/2000,3972101
20/8/2000,3973629
27/8/2000,3975157
3/9/2000,3976684
10/9/2000,3978212
17/9/2000,3979739
24/9/2000,3981267
1/10/2000,3982795
8/10/2000,3984322
15/10/2000,3985850
22/10/2000,3987378
29/10/2000,3988905
5/11/2000,3990433
12/11/2000,3991960
19/11/2000,3993488
26/11/2000,3995016
3/12/2000,3996543
10/12/2000,3998071
17/12/2000,3999599
24/12/2000,4001126
31/12/2000,4002654
7/1/2001,4004181
14/1/2001,4005709
21/1/2001,4007237
28/1/2001,4008764
4/2/2001,4010292
11/2/2001,4011820
18/2/2001,4013347
25/2/2001,4014875
4/3/2001,4016403
11/3/2001,4017930
18/3/2001,4019458
25/3/2001,4020985
1/4/2001,4022513
8/4/2001,4024041
15/4/2001,4025568
22/4/2001,4027096
29/4/2001,4028624
6/5/2001,4030151
13/5/2001,4031679
20/5/2001,4033206
27/5/2001,4034734
3/6/2001,4036262
10/6/2001,4037789
17/6/2001,4039317
24/6/2001,4040845
1/7/2001,4042372
8/7/2001,4043900
15/7/2001,4045427
22/7/2001,4046955
29/7/2001,4048483
5/8/2001,4050010
12/8/2001,4051538
19/8/2001,4053066
26/8/2001,4054593
2/9/2001,4056121
9/9/2001,4057648
16/9/2001,4059176
23/9/2001,4060704
30/9/2001,4062231
7/10/2001,4063759
14/10/2001,4065287
21/10/2001,4066814
28/10/2001,4068342
4/11/2001,4069870
11/11/2001,4071397
18/11/2001,4072925
25/11/2001,4074452
2/12/2001,4075980
9/12/2001,4077508
16/12/2001,4079035
23/12/2001,4080563
30/12/2001,4082091
6/1/2002,4083618
13/1/2002,4085146
20/1/2002,4086673
27/1/2002,4088201
3/2/2002,4089729
10/2/2002,4091256
17/2/2002,4092784
24/2/2002,4094312
3/3/2002,4095839
10/3/2002,4097367
17/3/2002,4098894
24/3/2002,4100422
31/3/2002,4101950
7/4/2002,4103477
14/4/2002,4105005
21/4/2002,4106533
28/4/2002,4108060
5/5/2002,4109588
12/5/2002,4111116
19/5/2002,4112643
26/5/2002,4114171
2/6/2002,4115698
9/6/2002,4117226
16/6/2002,4118754
23/6/2002,4120281
30/6/2002,4121809
7/7/2002,4123337
14/7/2002,4124864
21/7/2002,4126392
28/7/2002,4127919
4/8/2002,4129447
11/8/2002,4130975
18/8/2002,4132502
25/8/2002,4134030
1/9/2002,4135558
8/9/2002,4137085
15/9/2002,4138613
22/9/2002,4140140
29/9/2002,4141668
6/10/2002,4143196
13/10/2002,4144723
20/10/2002,4146251
27/10/2002,4147779
3/11/2002,4149306
10/11/2002,4150834
17/11/2002,4152361
24/11/2002,4153889
1/12/2002,4155417
8/12/2002,4156944
15/12/2002,4158472
22/12/2002,4160000
29/12/2002,4161527
5/1/2003,4163055
12/1/2003,4164583
19/1/2003,4166110
26/1/2003,4167638
2/2/2003,4169165
9/2/2003,4170693
16/2/2003,4172221
23/2/2003,4173748
2/3/2003,4175276
9/3/2003,4176804
16/3/2003,4178331
23/3/2003,4179859
30/3/2003,4181386
6/4/2003,4182914
13/4/2003,4184442
20/4/2003,4185969
27/4/2003,4187497
4/5/2003,4189025
11/5/2003,4190552
18/5/2003,4192080
25/5/2003,4193607
1/6/2003,4195135
8/6/2003,4196663
15/6/2003,4198190
22/6/2003,4199718
29/6/2003,4201246
6/7/2003,4202773
13/7/2003,4204301
20/7/2003,4205828
27/7/2003,4207356
3/8/2003,4208884
10/8/2003,4210411
17/8/2003,4211939
24/8/2003,4213467
31/8/2003,4214994
7/9/2003,4216522
14/9/2003,4218050
21/9/2003,4219577
28/9/2003,4221105
5/10/2003,4222632
12/10/2003,4224160
19/10/2003,4225688
26/10/2003,4227215
2/11/2003,4228743
9/11/2003,4230271
16/11/2003,4231798
23/11/2003,4233326
30/11/2003,4234853
7/12/2003,4236381
14/12/2003,4237909
21/12/2003,4239436
28/12/2003,4240964
4/1/2004,4242492
11/1/2004,4244019
18/1/2004,4245547
25/1/2004,4247074
1/2/2004,4248602
8/2/2004,4250130
15/2/2004,4251657
22/2/2004,4253185
29/2/2004,4254713
7/3/2004,4256240
14/3/2004,4257768
21/3/2004,4259296
28/3/2004,4260823
4/4/2004,4262351
11/4/2004,4263878
18/4/2004,4265406
25/4/2004,4266934
2/5/2004,4268461
9/5/2004,4269989
16/5/2004,4271517
23/5/2004,4273044
30/5/2004,4274572
6/6/2004,4276099
13/6/2004,4277627
20/6/2004,4279155
27/6/2004,4280682
4/7/2004,4282210
11/7/2004,4283738
18/7/2004,4285265
25/7/2004,4286793
1/8/2004,4288320
8/8/2004,4289848
15/8/2004,4291376
22/8/2004,4292903
29/8/2004,4294431
5/9/2004,4295959
12/9/2004,4297486
19/9/2004,4299014
26/9/2004,4300541
3/10/2004,4302069
10/10/2004,4303597
17/10/2004,4305124
24/10/2004,4306652
31/10/2004,4308180
7/11/2004,4309707
14/11/2004,4311235
21/11/2004,4312763
28/11/2004,4314290
5/12/2004,4315818
12/12/2004,4317345
19/12/2004,4318873
26/12/2004,4320401
2/1/2005,4321928
9/1/2005,4323456
16/1/2005,4324984
23/1/2005,4326511
30/1/2005,4328039
6/2/2005,4329566
13/2/2005,4331094
20/2/2005,4332622
27/2/2005,4334149
6/3/2005,4335677
13/3/2005,4337205
20/3/2005,4338732
27/3/2005,4340260
3/4/2005,4341787
10/4/2005,4343315
17/4/2005,4344843
24/4/2005,4346370
1/5/2005,4347898
8/5/2005,4349426
15/5/2005,4350953
22/5/2005,4352481
29/5/2005,4354009
5/6/2005,4355536
12/6/2005,4357064
19/6/2005,4358591
26/6/2005,4360119
3/7/2005,4361647
10/7/2005,4363174
17/7/2005,4364702
24/7/2005,4366230
31/7/2005,4367757
7/8/2005,4369285
14/8/2005,4370812
21/8/2005,4372340
28/8/2005,4373868
4/9/2005,4375395
11/9/2005,4376923
18/9/2005,4378451
25/9/2005,4379978
2/10/2005,4381506
9/10/2005,4383033
16/10/2005,4384561
23/10/2005,4386089
30/10/2005,4387616
6/11/2005,4389144
13/11/2005,4390672
20/11/2005,4392199
27/11/2005,4393727
4/12/2005,4395254
11/12/2005,4396782
18/12/2005,4398310
25/12/2005,4399837
1/1/2006,4401365
8/1/2006,4404276
15/1/2006,4407187
22/1/2006,4410097
29/1/2006,4413008
5/2/2006,4415919
12/2/2006,4418830
19/2/2006,4421740
26/2/2006,4424651
5/3/2006,4427562
12/3/2006,4430473
19/3/2006,4433384
26/3/2006,4436294
2/4/2006,4439205
9/4/2006,4442116
16/4/2006,4445027
23/4/2006,4447937
30/4/2006,4450848
7/5/2006,4453759
14/5/2006,4456670
21/5/2006,4459580
28/5/2006,4462491
4/6/2006,4465402
11/6/2006,4468313
18/6/2006,4471224
25/6/2006,4474134
2/7/2006,4477045
9/7/2006,4479956
16/7/2006,4482867
23/7/2006,4485777
30/7/2006,4488688
6/8/2006,4491599
13/8/2006,4494510
20/8/2006,4497421
27/8/2006,4500331
3/9/2006,4503242
10/9/2006,4506153
17/9/2006,4509064
24/9/2006,4511974
1/10/2006,4514885
8/10/2006,4517796
15/10/2006,4520707
22/10/2006,4523617
29/10/2006,4526528
5/11/2006,4529439
12/11/2006,4532350
19/11/2006,4535261
26/11/2006,4538171
3/12/2006,4541082
10/12/2006,4543993
17/12/2006,4546904
24/12/2006,4549814
31/12/2006,4552725
7/1/2007,4555636
14/1/2007,4558547
21/1/2007,4561458
28/1/2007,4564368
4/2/2007,4567279
11/2/2007,4570190
18/2/2007,4573101
25/2/2007,4576011
4/3/2007,4578922
11/3/2007,4581833
18/3/2007,4584744
25/3/2007,4587654
1/4/2007,4590565
8/4/2007,4593476
15/4/2007,4596387
22/4/2007,4599298
29/4/2007,4602208
6/5/2007,4605119
13/5/2007,4608030
20/5/2007,4610941
27/5/2007,4613851
3/6/2007,4616762
10/6/2007,4619673
17/6/2007,4622584
24/6/2007,4625495
1/7/2007,4628405
8/7/2007,4631316
15/7/2007,4634227
22/7/2007,4637138
29/7/2007,4640048
5/8/2007,4642959
12/8/2007,4645870
19/8/2007,4648781
26/8/2007,4651691
2/9/2007,4654602
9/9/2007,4657513
16/9/2007,4660424
23/9/2007,4663335
30/9/2007,4666245
7/10/2007,4669156
14/10/2007,4672067
21/10/2007,4674978
28/10/2007,4677888
4/11/2007,4680799
11/11/2007,4683710
18/11/2007,4686621
25/11/2007,4689532
2/12/2007,4692442
9/12/2007,4695353
16/12/2007,4698264
23/12/2007,4701175
30/12/2007,4704085
6/1/2008,4706996
13/1/2008,4709907
20/1/2008,4712818
27/1/2008,4715729
3/2/2008,4718639
10/2/2008,4721550
17/2/2008,4724461
24/2/2008,4727372
2/3/2008,4730282
9/3/2008,4733193
16/3/2008,4736104
23/3/2008,4739015
30/3/2008,4741925
6/4/2008,4744836
13/4/2008,4747747
20/4/2008,4750658
27/4/2008,4753569
4/5/2008,4756479
11/5/2008,4759390
18/5/2008,4762301
25/5/2008,4765212
1/6/2008,4768122
8/6/2008,4771033
15/6/2008,4773944
22/6/2008,4776855
29/6/2008,4779766
6/7/2008,4782676
13/7/2008,4785587
20/7/2008,4788498
27/7/2008,4791409
3/8/2008,4794319
10/8/2008,4797230
17/8/2008,4800141
24/8/2008,4803052
31/8/2008,4805962
7/9/2008,4808873
14/9/2008,4811784
21/9/2008,4814695
28/9/2008,4817606
5/10/2008,4820516
12/10/2008,4823427
19/10/2008,4826338
26/10/2008,4829249
2/11/2008,4832159
9/11/2008,4835070
16/11/2008,4837981
23/11/2008,4840892
30/11/2008,4843803
7/12/2008,4846713
14/12/2008,4849624
21/12/2008,4852535
28/12/2008,4855446
4/1/2009,4858356
11/1/2009,4861267
18/1/2009,4864178
25/1/2009,4867089
1/2/2009,4869999
8/2/2009,4872910
15/2/2009,4875821
22/2/2009,4878732
1/3/2009,4881643
8/3/2009,4884553
15/3/2009,4887464
22/3/2009,4890375
29/3/2009,4893286
5/4/2009,4896196
12/4/2009,4899107
19/4/2009,4902018
26/4/2009,4904929
3/5/2009,4907840
10/5/2009,4910750
17/5/2009,4913661
24/5/2009,4916572
31/5/2009,4919483
7/6/2009,4922393
14/6/2009,4925304
21/6/2009,4928215
28/6/2009,4931126
5/7/2009,4934036
12/7/2009,4936947
19/7/2009,4939858
26/7/2009,4942769
2/8/2009,4945680
9/8/2009,4948590
16/8/2009,4951501
23/8/2009,4954412
30/8/2009,4957323
6/9/2009,4960233
13/9/2009,4963144
20/9/2009,4966055
27/9/2009,4968966
4/10/2009,4971877
11/10/2009,4974787
18/10/2009,4977698
25/10/2009,4980609
1/11/2009,4983520
8/11/2009,4986430
15/11/2009,4989341
22/11/2009,4992252
29/11/2009,4995163
6/12/2009,4998073
13/12/2009,5000984
20/12/2009,5003895
27/12/2009,5006806
3/1/2010,5009717
10/1/2010,5012627
17/1/2010,5015538
24/1/2010,5018449
31/1/2010,5021360
7/2/2010,5024270
14/2/2010,5027181
21/2/2010,5030092
28/2/2010,5033003
7/3/2010,5035914
14/3/2010,5038824
21/3/2010,5041735
28/3/2010,5044646
4/4/2010,5047557
11/4/2010,5050467
18/4/2010,5053378
25/4/2010,5056289
2/5/2010,5059200
9/5/2010,5062111
16/5/2010,5065021
23/5/2010,5067932
30/5/2010,5070843
6/6/2010,5073754
13/6/2010,5076664
20/6/2010,5079575
27/6/2010,5082486
4/7/2010,5085397
11/7/2010,5088307
18/7/2010,5091218
25/7/2010,5094129
1/8/2010,5097040
8/8/2010,5099951
15/8/2010,5102861
22/8/2010,5105772
29/8/2010,5108683
5/9/2010,5111594
12/9/2010,5114504
19/9/2010,5117415
26/9/2010,5120326
3/10/2010,5123237
10/10/2010,5126148
17/10/2010,5129058
24/10/2010,5131969
31/10/2010,5134880
7/11/2010,5137791
14/11/2010,5140701
21/11/2010,5143612
28/11/2010,5146523
5/12/2010,5149434
12/12/2010,5152344
19/12/2010,5155255
26/12/2010,5158166
2/1/2011,5161077
9/1/2011,5163988
16/1/2011,5166898
23/1/2011,5169809
30/1/2011,5172720
6/2/2011,5175631
13/2/2011,5178541
20/2/2011,5181452
27/2/2011,5184363
6/3/2011,5187274
13/3/2011,5190185
20/3/2011,5193095
27/3/2011,5196006
3/4/2011,5198917
10/4/2011,5201828
17/4/2011,5204738
24/4/2011,5207649
1/5/2011,5210560
8/5/2011,5213471
15/5/2011,5216381
22/5/2011,5219292
29/5/2011,5222203
5/6/2011,5225114
12/6/2011,5228025
19/6/2011,5230935
26/6/2011,5233846
3/7/2011,5236757
10/7/2011,5239668
17/7/2011,5242578
24/7/2011,5245489
31/7/2011,5248400
7/8/2011,5251311
14/8/2011,5254222
21/8/2011,5257132
28/8/2011,5260043
4/9/2011,5262954
11/9/2011,5265865
18/9/2011,5268775
25/9/2011,5271686
2/10/2011,5274597
9/10/2011,5277508
16/10/2011,5280418
23/10/2011,5283329
30/10/2011,5286240
6/11/2011,5289151
13/11/2011,5292062
20/11/2011,5294972
27/11/2011,5297883
4/12/2011,5300794
11/12/2011,5303705
18/12/2011,5306615
25/12/2011,5309526
1/1/2012,5312437
8/1/2012,5313586
15/1/2012,5314734
22/1/2012,5315883
29/1/2012,5317032
5/2/2012,5318181
12/2/2012,5319329
19/2/2012,5320478
26/2/2012,5321627
4/3/2012,5322775
11/3/2012,5323924
18/3/2012,5325073
25/3/2012,5326222
1/4/2012,5327370
8/4/2012,5328519
15/4/2012,5329668
22/4/2012,5330817
29/4/2012,5331965
6/5/2012,5333114
13/5/2012,5334263
20/5/2012,5335411
27/5/2012,5336560
3/6/2012,5337709
10/6/2012,5338858
17/6/2012,5340006
24/6/2012,5341155
1/7/2012,5342304
8/7/2012,5343452
15/7/2012,5344601
22/7/2012,5345750
29/7/2012,5346899
5/8/2012,5348047
12/8/2012,5349196
19/8/2012,5350345
26/8/2012,5351493
2/9/2012,5352642
9/9/2012,5353791
16/9/2012,5354940
23/9/2012,5356088
30/9/2012,5357237
7/10/2012,5358386
14/10/2012,5359535
21/10/2012,5360683
28/10/2012,5361832
4/11/2012,5362981
11/11/2012,5364129
18/11/2012,5365278
25/11/2012,5366427
2/12/2012,5367576
9/12/2012,5368724
16/12/2012,5369873
23/12/2012,5371022
30/12/2012,5372170
6/1/2013,5373319
13/1/2013,5374468
20/1/2013,5375617
27/1/2013,5376765
3/2/2013,5377914
10/2/2013,5379063
17/2/2013,5380211
24/2/2013,5381360
3/3/2013,5382509
10/3/2013,5383658
17/3/2013,5384806
24/3/2013,5385955
31/3/2013,5387104
7/4/2013,5388253
14/4/2013,5389401
21/4/2013,5390550
28/4/2013,5391699
5/5/2013,5392847
12/5/2013,5393996
19/5/2013,5395145
26/5/2013,5396294
2/6/2013,5397442
9/6/2013,5398591
16/6/2013,5399740
23/6/2013,5400888
30/6/2013,5402037
7/7/2013,5403186
14/7/2013,5404335
21/7/2013,5405483
28/7/2013,5406632
4/8/2013,5407781
11/8/2013,5408930
18/8/2013,5410078
25/8/2013,5411227
1/9/2013,5412376
8/9/2013,5413524
15/9/2013,5414673
22/9/2013,5415822
29/9/2013,5416971
6/10/2013,5418119
13/10/2013,5419268
20/10/2013,5420417
27/10/2013,5421565
3/11/2013,5422714
10/11/2013,5423863
17/11/2013,5425012
24/11/2013,5426160
1/12/2013,5427309
8/12/2013,5428458
15/12/2013,5429606
22/12/2013,5430755
29/12/2013,5431904
5/1/2014,5433053
12/1/2014,5434201
19/1/2014,5435350
26/1/2014,5436499
2/2/2014,5437648
9/2/2014,5438796
16/2/2014,5439945
23/2/2014,5441094
2/3/2014,5442242
9/3/2014,5443391
16/3/2014,5444540
23/3/2014,5445689
30/3/2014,5446837
6/4/2014,5447986
13/4/2014,5449135
20/4/2014,5450283
27/4/2014,5451432
4/5/2014,5452581
11/5/2014,5453730
18/5/2014,5454878
25/5/2014,5456027
1/6/2014,5457176
8/6/2014,5458324
15/6/2014,5459473
22/6/2014,5460622
29/6/2014,5461771
6/7/2014,5462919
13/7/2014,5464068
20/7/2014,5465217
27/7/2014,5466366
3/8/2014,5467514
10/8/2014,5468663
17/8/2014,5469812
24/8/2014,5470960
31/8/2014,5472109
7/9/2014,5473258
14/9/2014,5474407
21/9/2014,5475555
28/9/2014,5476704
5/10/2014,5477853
12/10/2014,5479001
19/10/2014,5480150
26/10/2014,5481299
2/11/2014,5482448
9/11/2014,5483596
16/11/2014,5484745
23/11/2014,5485894
30/11/2014,5487042
7/12/2014,5488191
14/12/2014,5489340
21/12/2014,5490489
28/12/2014,5491637
4/1/2015,5492786
11/1/2015,5493935
18/1/2015,5495084
25/1/2015,5496232
1/2/2015,5497381
8/2/2015,5498530
15/2/2015,5499678
22/2/2015,5500827
1/3/2015,5501976
8/3/2015,5503125
15/3/2015,5504273
22/3/2015,5505422
29/3/2015,5506571
5/4/2015,5507719
12/4/2015,5508868
19/4/2015,5510017
26/4/2015,5511166
3/5/2015,5512314
10/5/2015,5513463
17/5/2015,5514612
24/5/2015,5515760
31/5/2015,5516909
7/6/2015,5518058
14/6/2015,5519207
21/6/2015,5520355
28/6/2015,5521504
5/7/2015,5522653
12/7/2015,5523802
19/7/2015,5524950
26/7/2015,5526099
2/8/2015,5527248
9/8/2015,5528396
16/8/2015,5529545
23/8/2015,5530694
30/8/2015,5531843
6/9/2015,5532991
13/9/2015,5534140
20/9/2015,5535289
27/9/2015,5536437
4/10/2015,5537586
11/10/2015,5538735
18/10/2015,5539884
25/10/2015,5541032
1/11/2015,5542181
8/11/2015,5543330
15/11/2015,5544479
22/11/2015,5545627
29/11/2015,5546776
6/12/2015,5547925
13/12/2015,5549073
20/12/2015,5550222
27/12/2015,5551371
3/1/2016,5552520
10/1/2016,5553668
17/1/2016,5554817
24/1/2016,5555966
31/1/2016,5557114
7/2/2016,5558263
14/2/2016,5559412
21/2/2016,5560561
28/2/2016,5561709
6/3/2016,5562858
13/3/2016,5564007
20/3/2016,5565155
27/3/2016,5566304
3/4/2016,5567453
10/4/2016,5568602
17/4/2016,5569750
24/4/2016,5570899
1/5/2016,5572048
8/5/2016,5573197
15/5/2016,5574345
22/5/2016,5575494
29/5/2016,5576643
5/6/2016,5577791
12/6/2016,5578940
19/6/2016,5580089
26/6/2016,5581238
3/7/2016,5582386
10/7/2016,5583535
17/7/2016,5584684
24/7/2016,5585832
31/7/2016,5586981
7/8/2016,5588130
14/8/2016,5589279
21/8/2016,5590427
28/8/2016,5591576
4/9/2016,5592725
11/9/2016,5593873
18/9/2016,5595022
25/9/2016,5596171
2/10/2016,5597320
9/10/2016,5598468
16/10/2016,5599617
23/10/2016,5600766
30/10/2016,5601915
6/11/2016,5603063
13/11/2016,5604212
20/11/2016,5605361
27/11/2016,5606509
4/12/2016,5607658
11/12/2016,5608807
18/12/2016,5609956
25/12/2016,5611104
1/1/2017,5612253
8/1/2017,5612253
15/1/2017,5612253
22/1/2017,5612253
29/1/2017,5612253
5/2/2017,5612253
12/2/2017,5612253
19/2/2017,5612253
26/2/2017,5612253
5/3/2017,5612253
12/3/2017,5612253
19/3/2017,5612253
26/3/2017,5612253
2/4/2017,5612253
9/4/2017,5612253
16/4/2017,5612253
23/4/2017,5612253
30/4/2017,5612253
7/5/2017,5612253
14/5/2017,5612253
21/5/2017,5612253
28/5/2017,5612253
4/6/2017,5612253
11/6/2017,5612253
18/6/2017,5612253
25/6/2017,5612253
2/7/2017,5612253
9/7/2017,5612253
16/7/2017,5612253
23/7/2017,5612253
30/7/2017,5612253
6/8/2017,5612253
13/8/2017,5612253
20/8/2017,5612253
27/8/2017,5612253
3/9/2017,5612253
10/9/2017,5612253
17/9/2017,5612253
24/9/2017,5612253
1/10/2017,5612253
8/10/2017,5612253
15/10/2017,5612253
22/10/2017,5612253
29/10/2017,5612253
5/11/2017,5612253
12/11/2017,5612253
19/11/2017,5612253
26/11/2017,5612253
3/12/2017,5612253
10/12/2017,5612253
17/12/2017,5612253
24/12/2017,5612253
31/12/2017,5612253
7/1/2018,5612253
14/1/2018,5612253
21/1/2018,5612253
28/1/2018,5612253
4/2/2018,5612253
11/2/2018,5612253
18/2/2018,5612253
25/2/2018,5612253
4/3/2018,5612253
11/3/2018,5612253
18/3/2018,5612253
25/3/2018,5612253
1/4/2018,5612253
8/4/2018,5612253
15/4/2018,5612253
22/4/2018,5612253
29/4/2018,5612253
6/5/2018,5612253
13/5/2018,5612253
20/5/2018,5612253
27/5/2018,5612253
3/6/2018,5612253
10/6/2018,5612253
17/6/2018,5612253
24/6/2018,5612253
1/7/2018,5612253
8/7/2018,5612253
15/7/2018,5612253
22/7/2018,5612253
29/7/2018,5612253
5/8/2018,5612253
12/8/2018,5612253
19/8/2018,5612253
26/8/2018,5612253
2/9/2018,5612253
9/9/2018,5612253
16/9/2018,5612253
23/9/2018,5612253
30/9/2018,5612253
7/10/2018,5612253
14/10/2018,5612253
21/10/2018,5612253
28/10/2018,5612253
4/11/2018,5612253
11/11/2018,5612253
18/11/2018,5612253
25/11/2018,5612253
2/12/2018,5612253
9/12/2018,5612253
16/12/2018,5612253
23/12/2018,5612253
30/12/2018,5612253
